 ,Year,Period,Label,Value
3336,1990,A01,1990 Annual,98.658
3336,1991,A01,1991 Annual,97.260
3336,1992,A01,1992 Annual,94.582
3336,1993,A01,1993 Annual,97.546
3336,1994,A01,1994 Annual,102.014
3336,1995,A01,1995 Annual,97.920
3336,1996,A01,1996 Annual,101.193
3336,1997,A01,1997 Annual,102.203
3336,1998,A01,1998 Annual,101.148
3336,1999,A01,1999 Annual,103.996
3336,2000,A01,2000 Annual,100.691
3336,2001,A01,2001 Annual,110.027
3336,2002,A01,2002 Annual,102.624
3336,2003,A01,2003 Annual,103.051
3336,2004,A01,2004 Annual,95.299
3336,2005,A01,2005 Annual,94.725
3336,2006,A01,2006 Annual,96.795
3336,2007,A01,2007 Annual,100.000
3336,2008,A01,2008 Annual,100.143
3336,2009,A01,2009 Annual,86.696
3336,2010,A01,2010 Annual,95.376
3336,2011,A01,2011 Annual,102.402
3336,2012,A01,2012 Annual,108.041
3336,2013,A01,2013 Annual,104.015
3336,2014,A01,2014 Annual,102.798
3346,1990,A01,1990 Annual,71.030
3346,1991,A01,1991 Annual,74.032
3346,1992,A01,1992 Annual,73.956
3346,1993,A01,1993 Annual,78.601
3346,1994,A01,1994 Annual,86.317
3346,1995,A01,1995 Annual,93.470
3346,1996,A01,1996 Annual,89.215
3346,1997,A01,1997 Annual,94.412
3346,1998,A01,1998 Annual,96.608
3346,1999,A01,1999 Annual,83.399
3346,2000,A01,2000 Annual,78.955
3346,2001,A01,2001 Annual,77.903
3346,2002,A01,2002 Annual,90.656
3346,2003,A01,2003 Annual,98.837
3346,2004,A01,2004 Annual,93.095
3346,2005,A01,2005 Annual,106.343
3346,2006,A01,2006 Annual,99.820
3346,2007,A01,2007 Annual,100.000
3346,2008,A01,2008 Annual,110.448
3346,2009,A01,2009 Annual,102.648
3346,2010,A01,2010 Annual,106.655
3346,2011,A01,2011 Annual,103.254
3346,2012,A01,2012 Annual,113.258
3346,2013,A01,2013 Annual,114.685
3346,2014,A01,2014 Annual,121.021
3113,1990,A01,1990 Annual,88.995
3113,1991,A01,1991 Annual,90.053
3113,1992,A01,1992 Annual,88.446
3113,1993,A01,1993 Annual,90.627
3113,1994,A01,1994 Annual,91.015
3113,1995,A01,1995 Annual,91.504
3113,1996,A01,1996 Annual,93.610
3113,1997,A01,1997 Annual,92.578
3113,1998,A01,1998 Annual,95.157
3113,1999,A01,1999 Annual,94.455
3113,2000,A01,2000 Annual,99.831
3113,2001,A01,2001 Annual,100.024
3113,2002,A01,2002 Annual,97.697
3113,2003,A01,2003 Annual,97.301
3113,2004,A01,2004 Annual,101.374
3113,2005,A01,2005 Annual,105.996
3113,2006,A01,2006 Annual,102.505
3113,2007,A01,2007 Annual,100.000
3113,2008,A01,2008 Annual,93.637
3113,2009,A01,2009 Annual,84.577
3113,2010,A01,2010 Annual,89.120
3113,2011,A01,2011 Annual,86.898
3113,2012,A01,2012 Annual,86.085
3113,2013,A01,2013 Annual,87.819
3113,2014,A01,2014 Annual,88.299
3326,1990,A01,1990 Annual,81.997
3326,1991,A01,1991 Annual,83.238
3326,1992,A01,1992 Annual,82.739
3326,1993,A01,1993 Annual,86.074
3326,1994,A01,1994 Annual,84.042
3326,1995,A01,1995 Annual,88.253
3326,1996,A01,1996 Annual,87.658
3326,1997,A01,1997 Annual,87.242
3326,1998,A01,1998 Annual,89.632
3326,1999,A01,1999 Annual,88.772
3326,2000,A01,2000 Annual,88.833
3326,2001,A01,2001 Annual,84.571
3326,2002,A01,2002 Annual,89.258
3326,2003,A01,2003 Annual,92.393
3326,2004,A01,2004 Annual,93.092
3326,2005,A01,2005 Annual,93.864
3326,2006,A01,2006 Annual,94.343
3326,2007,A01,2007 Annual,100.000
3326,2008,A01,2008 Annual,100.104
3326,2009,A01,2009 Annual,85.777
3326,2010,A01,2010 Annual,94.080
3326,2011,A01,2011 Annual,97.061
3326,2012,A01,2012 Annual,90.925
3326,2013,A01,2013 Annual,88.143
3326,2014,A01,2014 Annual,87.964
3366,1990,A01,1990 Annual,106.299
3366,1991,A01,1991 Annual,101.103
3366,1992,A01,1992 Annual,105.123
3366,1993,A01,1993 Annual,102.769
3366,1994,A01,1994 Annual,100.505
3366,1995,A01,1995 Annual,98.406
3366,1996,A01,1996 Annual,95.323
3366,1997,A01,1997 Annual,101.608
3366,1998,A01,1998 Annual,101.780
3366,1999,A01,1999 Annual,100.329
3366,2000,A01,2000 Annual,97.694
3366,2001,A01,2001 Annual,96.740
3366,2002,A01,2002 Annual,101.574
3366,2003,A01,2003 Annual,102.028
3366,2004,A01,2004 Annual,101.116
3366,2005,A01,2005 Annual,97.290
3366,2006,A01,2006 Annual,99.483
3366,2007,A01,2007 Annual,100.000
3366,2008,A01,2008 Annual,104.279
3366,2009,A01,2009 Annual,105.702
3366,2010,A01,2010 Annual,108.787
3366,2011,A01,2011 Annual,114.075
3366,2012,A01,2012 Annual,115.150
3366,2013,A01,2013 Annual,114.487
3366,2014,A01,2014 Annual,106.421
3274,1990,A01,1990 Annual,102.283
3274,1991,A01,1991 Annual,97.007
3274,1992,A01,1992 Annual,99.783
3274,1993,A01,1993 Annual,98.699
3274,1994,A01,1994 Annual,91.069
3274,1995,A01,1995 Annual,91.737
3274,1996,A01,1996 Annual,94.507
3274,1997,A01,1997 Annual,98.402
3274,1998,A01,1998 Annual,106.783
3274,1999,A01,1999 Annual,99.735
3274,2000,A01,2000 Annual,97.796
3274,2001,A01,2001 Annual,103.810
3274,2002,A01,2002 Annual,101.793
3274,2003,A01,2003 Annual,108.150
3274,2004,A01,2004 Annual,110.612
3274,2005,A01,2005 Annual,118.369
3274,2006,A01,2006 Annual,113.142
3274,2007,A01,2007 Annual,100.000
3274,2008,A01,2008 Annual,103.732
3274,2009,A01,2009 Annual,92.315
3274,2010,A01,2010 Annual,96.212
3274,2011,A01,2011 Annual,101.368
3274,2012,A01,2012 Annual,97.697
3274,2013,A01,2013 Annual,99.912
3274,2014,A01,2014 Annual,100.290
3261,1990,A01,1990 Annual,86.715
3261,1991,A01,1991 Annual,87.079
3261,1992,A01,1992 Annual,89.902
3261,1993,A01,1993 Annual,90.400
3261,1994,A01,1994 Annual,92.138
3261,1995,A01,1995 Annual,91.334
3261,1996,A01,1996 Annual,91.605
3261,1997,A01,1997 Annual,94.235
3261,1998,A01,1998 Annual,94.450
3261,1999,A01,1999 Annual,96.010
3261,2000,A01,2000 Annual,94.999
3261,2001,A01,2001 Annual,92.304
3261,2002,A01,2002 Annual,96.533
3261,2003,A01,2003 Annual,98.095
3261,2004,A01,2004 Annual,100.056
3261,2005,A01,2005 Annual,99.456
3261,2006,A01,2006 Annual,97.605
3261,2007,A01,2007 Annual,100.000
3261,2008,A01,2008 Annual,96.227
3261,2009,A01,2009 Annual,92.551
3261,2010,A01,2010 Annual,96.664
3261,2011,A01,2011 Annual,95.734
3261,2012,A01,2012 Annual,98.725
3261,2013,A01,2013 Annual,98.463
3261,2014,A01,2014 Annual,97.979
3116,1990,A01,1990 Annual,79.540
3116,1991,A01,1991 Annual,77.534
3116,1992,A01,1992 Annual,79.149
3116,1993,A01,1993 Annual,80.535
3116,1994,A01,1994 Annual,80.207
3116,1995,A01,1995 Annual,83.657
3116,1996,A01,1996 Annual,81.157
3116,1997,A01,1997 Annual,85.292
3116,1998,A01,1998 Annual,86.612
3116,1999,A01,1999 Annual,88.174
3116,2000,A01,2000 Annual,87.777
3116,2001,A01,2001 Annual,85.953
3116,2002,A01,2002 Annual,88.877
3116,2003,A01,2003 Annual,92.505
3116,2004,A01,2004 Annual,95.541
3116,2005,A01,2005 Annual,99.454
3116,2006,A01,2006 Annual,101.167
3116,2007,A01,2007 Annual,100.000
3116,2008,A01,2008 Annual,96.526
3116,2009,A01,2009 Annual,94.620
3116,2010,A01,2010 Annual,94.026
3116,2011,A01,2011 Annual,94.066
3116,2012,A01,2012 Annual,91.019
3116,2013,A01,2013 Annual,93.530
3116,2014,A01,2014 Annual,93.073
3241,1990,A01,1990 Annual,89.172
3241,1991,A01,1991 Annual,91.104
3241,1992,A01,1992 Annual,93.885
3241,1993,A01,1993 Annual,97.531
3241,1994,A01,1994 Annual,96.782
3241,1995,A01,1995 Annual,96.593
3241,1996,A01,1996 Annual,101.347
3241,1997,A01,1997 Annual,105.549
3241,1998,A01,1998 Annual,107.585
3241,1999,A01,1999 Annual,108.494
3241,2000,A01,2000 Annual,111.017
3241,2001,A01,2001 Annual,112.679
3241,2002,A01,2002 Annual,104.843
3241,2003,A01,2003 Annual,118.477
3241,2004,A01,2004 Annual,113.786
3241,2005,A01,2005 Annual,115.219
3241,2006,A01,2006 Annual,108.855
3241,2007,A01,2007 Annual,100.000
3241,2008,A01,2008 Annual,99.723
3241,2009,A01,2009 Annual,94.127
3241,2010,A01,2010 Annual,97.421
3241,2011,A01,2011 Annual,92.920
3241,2012,A01,2012 Annual,85.389
3241,2013,A01,2013 Annual,88.021
3241,2014,A01,2014 Annual,91.219
3399,1990,A01,1990 Annual,91.184
3399,1991,A01,1991 Annual,89.840
3399,1992,A01,1992 Annual,89.618
3399,1993,A01,1993 Annual,89.685
3399,1994,A01,1994 Annual,91.798
3399,1995,A01,1995 Annual,94.189
3399,1996,A01,1996 Annual,94.480
3399,1997,A01,1997 Annual,94.574
3399,1998,A01,1998 Annual,92.572
3399,1999,A01,1999 Annual,92.028
3399,2000,A01,2000 Annual,95.068
3399,2001,A01,2001 Annual,90.936
3399,2002,A01,2002 Annual,91.358
3399,2003,A01,2003 Annual,93.185
3399,2004,A01,2004 Annual,96.180
3399,2005,A01,2005 Annual,97.876
3399,2006,A01,2006 Annual,100.125
3399,2007,A01,2007 Annual,100.000
3399,2008,A01,2008 Annual,99.909
3399,2009,A01,2009 Annual,93.224
3399,2010,A01,2010 Annual,100.273
3399,2011,A01,2011 Annual,101.257
3399,2012,A01,2012 Annual,96.399
3399,2013,A01,2013 Annual,95.677
3399,2014,A01,2014 Annual,97.962
3251,1990,A01,1990 Annual,95.720
3251,1991,A01,1991 Annual,90.275
3251,1992,A01,1992 Annual,87.998
3251,1993,A01,1993 Annual,88.007
3251,1994,A01,1994 Annual,88.978
3251,1995,A01,1995 Annual,82.733
3251,1996,A01,1996 Annual,78.806
3251,1997,A01,1997 Annual,83.182
3251,1998,A01,1998 Annual,84.792
3251,1999,A01,1999 Annual,83.583
3251,2000,A01,2000 Annual,80.191
3251,2001,A01,2001 Annual,76.050
3251,2002,A01,2002 Annual,83.107
3251,2003,A01,2003 Annual,88.073
3251,2004,A01,2004 Annual,96.446
3251,2005,A01,2005 Annual,96.678
3251,2006,A01,2006 Annual,97.150
3251,2007,A01,2007 Annual,100.000
3251,2008,A01,2008 Annual,91.320
3251,2009,A01,2009 Annual,84.063
3251,2010,A01,2010 Annual,92.236
3251,2011,A01,2011 Annual,85.857
3251,2012,A01,2012 Annual,85.455
3251,2013,A01,2013 Annual,86.997
3251,2014,A01,2014 Annual,89.643
3271,1990,A01,1990 Annual,92.435
3271,1991,A01,1991 Annual,87.580
3271,1992,A01,1992 Annual,93.009
3271,1993,A01,1993 Annual,95.258
3271,1994,A01,1994 Annual,98.366
3271,1995,A01,1995 Annual,97.376
3271,1996,A01,1996 Annual,99.524
3271,1997,A01,1997 Annual,100.348
3271,1998,A01,1998 Annual,99.823
3271,1999,A01,1999 Annual,102.155
3271,2000,A01,2000 Annual,102.801
3271,2001,A01,2001 Annual,94.923
3271,2002,A01,2002 Annual,93.523
3271,2003,A01,2003 Annual,98.642
3271,2004,A01,2004 Annual,102.859
3271,2005,A01,2005 Annual,107.098
3271,2006,A01,2006 Annual,101.904
3271,2007,A01,2007 Annual,100.000
3271,2008,A01,2008 Annual,92.846
3271,2009,A01,2009 Annual,82.773
3271,2010,A01,2010 Annual,90.184
3271,2011,A01,2011 Annual,92.497
3271,2012,A01,2012 Annual,91.968
3271,2013,A01,2013 Annual,97.677
3271,2014,A01,2014 Annual,99.499
3211,1990,A01,1990 Annual,93.471
3211,1991,A01,1991 Annual,92.947
3211,1992,A01,1992 Annual,93.705
3211,1993,A01,1993 Annual,85.355
3211,1994,A01,1994 Annual,85.467
3211,1995,A01,1995 Annual,88.575
3211,1996,A01,1996 Annual,89.899
3211,1997,A01,1997 Annual,87.181
3211,1998,A01,1998 Annual,86.588
3211,1999,A01,1999 Annual,86.792
3211,2000,A01,2000 Annual,88.725
3211,2001,A01,2001 Annual,89.513
3211,2002,A01,2002 Annual,93.076
3211,2003,A01,2003 Annual,96.865
3211,2004,A01,2004 Annual,94.071
3211,2005,A01,2005 Annual,95.350
3211,2006,A01,2006 Annual,96.105
3211,2007,A01,2007 Annual,100.000
3211,2008,A01,2008 Annual,103.869
3211,2009,A01,2009 Annual,112.213
3211,2010,A01,2010 Annual,119.890
3211,2011,A01,2011 Annual,121.115
3211,2012,A01,2012 Annual,116.343
3211,2013,A01,2013 Annual,112.358
3211,2014,A01,2014 Annual,110.982
3221,1990,A01,1990 Annual,83.877
3221,1991,A01,1991 Annual,82.096
3221,1992,A01,1992 Annual,84.491
3221,1993,A01,1993 Annual,86.061
3221,1994,A01,1994 Annual,87.009
3221,1995,A01,1995 Annual,83.129
3221,1996,A01,1996 Annual,82.176
3221,1997,A01,1997 Annual,85.853
3221,1998,A01,1998 Annual,85.019
3221,1999,A01,1999 Annual,88.645
3221,2000,A01,2000 Annual,89.603
3221,2001,A01,2001 Annual,88.581
3221,2002,A01,2002 Annual,93.687
3221,2003,A01,2003 Annual,96.249
3221,2004,A01,2004 Annual,99.470
3221,2005,A01,2005 Annual,100.694
3221,2006,A01,2006 Annual,101.912
3221,2007,A01,2007 Annual,100.000
3221,2008,A01,2008 Annual,98.664
3221,2009,A01,2009 Annual,97.604
3221,2010,A01,2010 Annual,98.816
3221,2011,A01,2011 Annual,100.691
3221,2012,A01,2012 Annual,102.518
3221,2013,A01,2013 Annual,104.278
3221,2014,A01,2014 Annual,104.540
3231,1990,A01,1990 Annual,102.565
3231,1991,A01,1991 Annual,101.147
3231,1992,A01,1992 Annual,104.260
3231,1993,A01,1993 Annual,101.149
3231,1994,A01,1994 Annual,100.717
3231,1995,A01,1995 Annual,99.569
3231,1996,A01,1996 Annual,98.876
3231,1997,A01,1997 Annual,99.576
3231,1998,A01,1998 Annual,95.985
3231,1999,A01,1999 Annual,95.202
3231,2000,A01,2000 Annual,93.908
3231,2001,A01,2001 Annual,90.229
3231,2002,A01,2002 Annual,90.666
3231,2003,A01,2003 Annual,90.623
3231,2004,A01,2004 Annual,92.665
3231,2005,A01,2005 Annual,93.950
3231,2006,A01,2006 Annual,94.976
3231,2007,A01,2007 Annual,100.000
3231,2008,A01,2008 Annual,100.652
3231,2009,A01,2009 Annual,94.469
3231,2010,A01,2010 Annual,97.158
3231,2011,A01,2011 Annual,100.185
3231,2012,A01,2012 Annual,103.909
3231,2013,A01,2013 Annual,104.251
3231,2014,A01,2014 Annual,101.205
3359,1990,A01,1990 Annual,85.902
3359,1991,A01,1991 Annual,84.634
3359,1992,A01,1992 Annual,87.411
3359,1993,A01,1993 Annual,88.705
3359,1994,A01,1994 Annual,90.287
3359,1995,A01,1995 Annual,91.366
3359,1996,A01,1996 Annual,91.526
3359,1997,A01,1997 Annual,92.217
3359,1998,A01,1998 Annual,92.738
3359,1999,A01,1999 Annual,93.541
3359,2000,A01,2000 Annual,94.796
3359,2001,A01,2001 Annual,89.347
3359,2002,A01,2002 Annual,92.127
3359,2003,A01,2003 Annual,95.727
3359,2004,A01,2004 Annual,96.749
3359,2005,A01,2005 Annual,98.795
3359,2006,A01,2006 Annual,98.348
3359,2007,A01,2007 Annual,100.000
3359,2008,A01,2008 Annual,98.930
3359,2009,A01,2009 Annual,91.027
3359,2010,A01,2010 Annual,99.602
3359,2011,A01,2011 Annual,104.572
3359,2012,A01,2012 Annual,106.598
3359,2013,A01,2013 Annual,104.658
3359,2014,A01,2014 Annual,104.778
3369,1990,A01,1990 Annual,53.977
3369,1991,A01,1991 Annual,54.736
3369,1992,A01,1992 Annual,65.094
3369,1993,A01,1993 Annual,69.520
3369,1994,A01,1994 Annual,65.298
3369,1995,A01,1995 Annual,67.946
3369,1996,A01,1996 Annual,68.882
3369,1997,A01,1997 Annual,67.201
3369,1998,A01,1998 Annual,67.932
3369,1999,A01,1999 Annual,66.093
3369,2000,A01,2000 Annual,66.809
3369,2001,A01,2001 Annual,68.002
3369,2002,A01,2002 Annual,71.854
3369,2003,A01,2003 Annual,70.311
3369,2004,A01,2004 Annual,72.623
3369,2005,A01,2005 Annual,75.761
3369,2006,A01,2006 Annual,79.480
3369,2007,A01,2007 Annual,100.000
3369,2008,A01,2008 Annual,105.794
3369,2009,A01,2009 Annual,87.460
3369,2010,A01,2010 Annual,90.415
3369,2011,A01,2011 Annual,99.618
3369,2012,A01,2012 Annual,86.085
3369,2013,A01,2013 Annual,87.997
3369,2014,A01,2014 Annual,80.920
3379,1990,A01,1990 Annual,83.663
3379,1991,A01,1991 Annual,83.909
3379,1992,A01,1992 Annual,83.029
3379,1993,A01,1993 Annual,84.393
3379,1994,A01,1994 Annual,86.078
3379,1995,A01,1995 Annual,87.085
3379,1996,A01,1996 Annual,87.077
3379,1997,A01,1997 Annual,88.818
3379,1998,A01,1998 Annual,90.174
3379,1999,A01,1999 Annual,86.615
3379,2000,A01,2000 Annual,85.495
3379,2001,A01,2001 Annual,85.248
3379,2002,A01,2002 Annual,86.496
3379,2003,A01,2003 Annual,89.267
3379,2004,A01,2004 Annual,92.086
3379,2005,A01,2005 Annual,94.532
3379,2006,A01,2006 Annual,99.064
3379,2007,A01,2007 Annual,100.000
3379,2008,A01,2008 Annual,95.190
3379,2009,A01,2009 Annual,94.935
3379,2010,A01,2010 Annual,98.120
3379,2011,A01,2011 Annual,105.071
3379,2012,A01,2012 Annual,105.598
3379,2013,A01,2013 Annual,105.845
3379,2014,A01,2014 Annual,109.568
3362,1990,A01,1990 Annual,92.376
3362,1991,A01,1991 Annual,88.975
3362,1992,A01,1992 Annual,94.577
3362,1993,A01,1993 Annual,97.040
3362,1994,A01,1994 Annual,101.356
3362,1995,A01,1995 Annual,103.380
3362,1996,A01,1996 Annual,101.004
3362,1997,A01,1997 Annual,97.541
3362,1998,A01,1998 Annual,96.628
3362,1999,A01,1999 Annual,97.925
3362,2000,A01,2000 Annual,95.804
3362,2001,A01,2001 Annual,88.719
3362,2002,A01,2002 Annual,93.354
3362,2003,A01,2003 Annual,96.362
3362,2004,A01,2004 Annual,98.023
3362,2005,A01,2005 Annual,98.154
3362,2006,A01,2006 Annual,99.723
3362,2007,A01,2007 Annual,100.000
3362,2008,A01,2008 Annual,95.898
3362,2009,A01,2009 Annual,89.952
3362,2010,A01,2010 Annual,90.086
3362,2011,A01,2011 Annual,92.014
3362,2012,A01,2012 Annual,91.214
3362,2013,A01,2013 Annual,91.057
3362,2014,A01,2014 Annual,91.738
3169,1990,A01,1990 Annual,90.449
3169,1991,A01,1991 Annual,87.768
3169,1992,A01,1992 Annual,86.114
3169,1993,A01,1993 Annual,81.181
3169,1994,A01,1994 Annual,77.755
3169,1995,A01,1995 Annual,76.129
3169,1996,A01,1996 Annual,78.825
3169,1997,A01,1997 Annual,90.914
3169,1998,A01,1998 Annual,93.043
3169,1999,A01,1999 Annual,83.820
3169,2000,A01,2000 Annual,88.118
3169,2001,A01,2001 Annual,81.546
3169,2002,A01,2002 Annual,75.019
3169,2003,A01,2003 Annual,79.593
3169,2004,A01,2004 Annual,90.774
3169,2005,A01,2005 Annual,96.643
3169,2006,A01,2006 Annual,107.099
3169,2007,A01,2007 Annual,100.000
3169,2008,A01,2008 Annual,102.569
3169,2009,A01,2009 Annual,87.089
3169,2010,A01,2010 Annual,83.356
3169,2011,A01,2011 Annual,75.443
3169,2012,A01,2012 Annual,62.943
3169,2013,A01,2013 Annual,64.796
3169,2014,A01,2014 Annual,68.621
3352,1990,A01,1990 Annual,65.535
3352,1991,A01,1991 Annual,65.054
3352,1992,A01,1992 Annual,68.130
3352,1993,A01,1993 Annual,71.385
3352,1994,A01,1994 Annual,76.370
3352,1995,A01,1995 Annual,75.092
3352,1996,A01,1996 Annual,73.585
3352,1997,A01,1997 Annual,75.790
3352,1998,A01,1998 Annual,75.235
3352,1999,A01,1999 Annual,75.465
3352,2000,A01,2000 Annual,78.597
3352,2001,A01,2001 Annual,78.500
3352,2002,A01,2002 Annual,81.712
3352,2003,A01,2003 Annual,85.491
3352,2004,A01,2004 Annual,90.676
3352,2005,A01,2005 Annual,94.540
3352,2006,A01,2006 Annual,97.243
3352,2007,A01,2007 Annual,100.000
3352,2008,A01,2008 Annual,97.213
3352,2009,A01,2009 Annual,92.212
3352,2010,A01,2010 Annual,91.643
3352,2011,A01,2011 Annual,94.829
3352,2012,A01,2012 Annual,100.762
3352,2013,A01,2013 Annual,96.505
3352,2014,A01,2014 Annual,100.114
3159,1990,A01,1990 Annual,177.782
3159,1991,A01,1991 Annual,171.158
3159,1992,A01,1992 Annual,171.843
3159,1993,A01,1993 Annual,168.600
3159,1994,A01,1994 Annual,175.925
3159,1995,A01,1995 Annual,182.220
3159,1996,A01,1996 Annual,175.155
3159,1997,A01,1997 Annual,143.234
3159,1998,A01,1998 Annual,147.720
3159,1999,A01,1999 Annual,134.505
3159,2000,A01,2000 Annual,131.936
3159,2001,A01,2001 Annual,134.001
3159,2002,A01,2002 Annual,110.797
3159,2003,A01,2003 Annual,116.678
3159,2004,A01,2004 Annual,112.077
3159,2005,A01,2005 Annual,114.469
3159,2006,A01,2006 Annual,105.067
3159,2007,A01,2007 Annual,100.000
3159,2008,A01,2008 Annual,100.307
3159,2009,A01,2009 Annual,103.566
3159,2010,A01,2010 Annual,104.710
3159,2011,A01,2011 Annual,105.828
3159,2012,A01,2012 Annual,101.537
3159,2013,A01,2013 Annual,100.129
3159,2014,A01,2014 Annual,99.815
3254,1990,A01,1990 Annual,130.719
3254,1991,A01,1991 Annual,131.317
3254,1992,A01,1992 Annual,121.727
3254,1993,A01,1993 Annual,117.041
3254,1994,A01,1994 Annual,117.043
3254,1995,A01,1995 Annual,114.004
3254,1996,A01,1996 Annual,114.471
3254,1997,A01,1997 Annual,114.511
3254,1998,A01,1998 Annual,103.019
3254,1999,A01,1999 Annual,102.443
3254,2000,A01,2000 Annual,102.546
3254,2001,A01,2001 Annual,104.071
3254,2002,A01,2002 Annual,107.142
3254,2003,A01,2003 Annual,109.440
3254,2004,A01,2004 Annual,103.612
3254,2005,A01,2005 Annual,105.039
3254,2006,A01,2006 Annual,99.988
3254,2007,A01,2007 Annual,100.000
3254,2008,A01,2008 Annual,98.174
3254,2009,A01,2009 Annual,95.204
3254,2010,A01,2010 Annual,87.139
3254,2011,A01,2011 Annual,87.792
3254,2012,A01,2012 Annual,78.039
3254,2013,A01,2013 Annual,76.746
3254,2014,A01,2014 Annual,76.139
3322,1990,A01,1990 Annual,93.205
3322,1991,A01,1991 Annual,90.466
3322,1992,A01,1992 Annual,90.307
3322,1993,A01,1993 Annual,93.819
3322,1994,A01,1994 Annual,97.081
3322,1995,A01,1995 Annual,98.103
3322,1996,A01,1996 Annual,99.881
3322,1997,A01,1997 Annual,98.243
3322,1998,A01,1998 Annual,94.900
3322,1999,A01,1999 Annual,95.879
3322,2000,A01,2000 Annual,96.252
3322,2001,A01,2001 Annual,92.749
3322,2002,A01,2002 Annual,89.124
3322,2003,A01,2003 Annual,89.064
3322,2004,A01,2004 Annual,88.464
3322,2005,A01,2005 Annual,88.503
3322,2006,A01,2006 Annual,92.087
3322,2007,A01,2007 Annual,100.000
3322,2008,A01,2008 Annual,96.759
3322,2009,A01,2009 Annual,100.602
3322,2010,A01,2010 Annual,110.730
3322,2011,A01,2011 Annual,110.868
3322,2012,A01,2012 Annual,98.850
3322,2013,A01,2013 Annual,97.047
3322,2014,A01,2014 Annual,97.723
3149,1990,A01,1990 Annual,91.377
3149,1991,A01,1991 Annual,89.638
3149,1992,A01,1992 Annual,90.933
3149,1993,A01,1993 Annual,88.488
3149,1994,A01,1994 Annual,91.908
3149,1995,A01,1995 Annual,92.102
3149,1996,A01,1996 Annual,91.857
3149,1997,A01,1997 Annual,94.065
3149,1998,A01,1998 Annual,87.699
3149,1999,A01,1999 Annual,90.262
3149,2000,A01,2000 Annual,89.067
3149,2001,A01,2001 Annual,83.539
3149,2002,A01,2002 Annual,83.596
3149,2003,A01,2003 Annual,86.086
3149,2004,A01,2004 Annual,94.264
3149,2005,A01,2005 Annual,100.094
3149,2006,A01,2006 Annual,101.193
3149,2007,A01,2007 Annual,100.000
3149,2008,A01,2008 Annual,98.325
3149,2009,A01,2009 Annual,86.665
3149,2010,A01,2010 Annual,94.760
3149,2011,A01,2011 Annual,95.642
3149,2012,A01,2012 Annual,95.532
3149,2013,A01,2013 Annual,95.220
3149,2014,A01,2014 Annual,101.178
3312,1990,A01,1990 Annual,92.706
3312,1991,A01,1991 Annual,92.828
3312,1992,A01,1992 Annual,96.646
3312,1993,A01,1993 Annual,99.715
3312,1994,A01,1994 Annual,103.623
3312,1995,A01,1995 Annual,104.161
3312,1996,A01,1996 Annual,104.466
3312,1997,A01,1997 Annual,105.055
3312,1998,A01,1998 Annual,101.615
3312,1999,A01,1999 Annual,102.268
3312,2000,A01,2000 Annual,103.663
3312,2001,A01,2001 Annual,100.919
3312,2002,A01,2002 Annual,99.376
3312,2003,A01,2003 Annual,97.671
3312,2004,A01,2004 Annual,89.708
3312,2005,A01,2005 Annual,89.483
3312,2006,A01,2006 Annual,94.195
3312,2007,A01,2007 Annual,100.000
3312,2008,A01,2008 Annual,91.368
3312,2009,A01,2009 Annual,80.929
3312,2010,A01,2010 Annual,87.489
3312,2011,A01,2011 Annual,89.265
3312,2012,A01,2012 Annual,91.577
3312,2013,A01,2013 Annual,92.755
3312,2014,A01,2014 Annual,91.280
3332,1990,A01,1990 Annual,83.666
3332,1991,A01,1991 Annual,82.483
3332,1992,A01,1992 Annual,81.613
3332,1993,A01,1993 Annual,82.822
3332,1994,A01,1994 Annual,86.147
3332,1995,A01,1995 Annual,90.421
3332,1996,A01,1996 Annual,88.946
3332,1997,A01,1997 Annual,87.131
3332,1998,A01,1998 Annual,81.181
3332,1999,A01,1999 Annual,84.188
3332,2000,A01,2000 Annual,90.639
3332,2001,A01,2001 Annual,79.365
3332,2002,A01,2002 Annual,86.361
3332,2003,A01,2003 Annual,85.039
3332,2004,A01,2004 Annual,93.653
3332,2005,A01,2005 Annual,90.244
3332,2006,A01,2006 Annual,95.616
3332,2007,A01,2007 Annual,100.000
3332,2008,A01,2008 Annual,94.528
3332,2009,A01,2009 Annual,85.265
3332,2010,A01,2010 Annual,94.144
3332,2011,A01,2011 Annual,100.233
3332,2012,A01,2012 Annual,94.730
3332,2013,A01,2013 Annual,96.199
3332,2014,A01,2014 Annual,93.970
3342,1990,A01,1990 Annual,45.679
3342,1991,A01,1991 Annual,45.868
3342,1992,A01,1992 Annual,52.458
3342,1993,A01,1993 Annual,52.455
3342,1994,A01,1994 Annual,58.130
3342,1995,A01,1995 Annual,59.318
3342,1996,A01,1996 Annual,61.492
3342,1997,A01,1997 Annual,65.479
3342,1998,A01,1998 Annual,66.124
3342,1999,A01,1999 Annual,75.171
3342,2000,A01,2000 Annual,78.432
3342,2001,A01,2001 Annual,73.234
3342,2002,A01,2002 Annual,69.687
3342,2003,A01,2003 Annual,73.626
3342,2004,A01,2004 Annual,78.922
3342,2005,A01,2005 Annual,83.741
3342,2006,A01,2006 Annual,91.561
3342,2007,A01,2007 Annual,100.000
3342,2008,A01,2008 Annual,90.361
3342,2009,A01,2009 Annual,79.878
3342,2010,A01,2010 Annual,75.563
3342,2011,A01,2011 Annual,73.675
3342,2012,A01,2012 Annual,79.364
3342,2013,A01,2013 Annual,89.037
3342,2014,A01,2014 Annual,83.079
3372,1990,A01,1990 Annual,83.882
3372,1991,A01,1991 Annual,80.074
3372,1992,A01,1992 Annual,85.337
3372,1993,A01,1993 Annual,86.718
3372,1994,A01,1994 Annual,84.565
3372,1995,A01,1995 Annual,85.379
3372,1996,A01,1996 Annual,84.247
3372,1997,A01,1997 Annual,94.200
3372,1998,A01,1998 Annual,93.365
3372,1999,A01,1999 Annual,92.781
3372,2000,A01,2000 Annual,93.363
3372,2001,A01,2001 Annual,86.556
3372,2002,A01,2002 Annual,90.435
3372,2003,A01,2003 Annual,93.988
3372,2004,A01,2004 Annual,97.795
3372,2005,A01,2005 Annual,98.401
3372,2006,A01,2006 Annual,96.146
3372,2007,A01,2007 Annual,100.000
3372,2008,A01,2008 Annual,98.973
3372,2009,A01,2009 Annual,83.659
3372,2010,A01,2010 Annual,87.759
3372,2011,A01,2011 Annual,94.103
3372,2012,A01,2012 Annual,97.480
3372,2013,A01,2013 Annual,91.855
3372,2014,A01,2014 Annual,92.065
3365,1990,A01,1990 Annual,95.008
3365,1991,A01,1991 Annual,92.783
3365,1992,A01,1992 Annual,92.529
3365,1993,A01,1993 Annual,93.465
3365,1994,A01,1994 Annual,92.937
3365,1995,A01,1995 Annual,88.505
3365,1996,A01,1996 Annual,90.661
3365,1997,A01,1997 Annual,100.355
3365,1998,A01,1998 Annual,103.747
3365,1999,A01,1999 Annual,109.786
3365,2000,A01,2000 Annual,112.613
3365,2001,A01,2001 Annual,112.747
3365,2002,A01,2002 Annual,120.340
3365,2003,A01,2003 Annual,108.935
3365,2004,A01,2004 Annual,110.410
3365,2005,A01,2005 Annual,102.401
3365,2006,A01,2006 Annual,105.575
3365,2007,A01,2007 Annual,100.000
3365,2008,A01,2008 Annual,110.093
3365,2009,A01,2009 Annual,100.894
3365,2010,A01,2010 Annual,109.383
3365,2011,A01,2011 Annual,117.163
3365,2012,A01,2012 Annual,110.347
3365,2013,A01,2013 Annual,113.450
3365,2014,A01,2014 Annual,111.698
3122,1990,A01,1990 Annual,99.666
3122,1991,A01,1991 Annual,93.085
3122,1992,A01,1992 Annual,91.048
3122,1993,A01,1993 Annual,77.776
3122,1994,A01,1994 Annual,96.617
3122,1995,A01,1995 Annual,107.073
3122,1996,A01,1996 Annual,107.941
3122,1997,A01,1997 Annual,104.493
3122,1998,A01,1998 Annual,107.023
3122,1999,A01,1999 Annual,100.789
3122,2000,A01,2000 Annual,109.883
3122,2001,A01,2001 Annual,115.549
3122,2002,A01,2002 Annual,87.581
3122,2003,A01,2003 Annual,94.536
3122,2004,A01,2004 Annual,96.178
3122,2005,A01,2005 Annual,104.995
3122,2006,A01,2006 Annual,105.363
3122,2007,A01,2007 Annual,100.000
3122,2008,A01,2008 Annual,94.237
3122,2009,A01,2009 Annual,86.641
3122,2010,A01,2010 Annual,88.598
3122,2011,A01,2011 Annual,86.461
3122,2012,A01,2012 Annual,84.182
3122,2013,A01,2013 Annual,81.797
3122,2014,A01,2014 Annual,73.870
3119,1990,A01,1990 Annual,87.437
3119,1991,A01,1991 Annual,84.958
3119,1992,A01,1992 Annual,88.294
3119,1993,A01,1993 Annual,93.647
3119,1994,A01,1994 Annual,91.043
3119,1995,A01,1995 Annual,91.979
3119,1996,A01,1996 Annual,94.078
3119,1997,A01,1997 Annual,87.647
3119,1998,A01,1998 Annual,89.053
3119,1999,A01,1999 Annual,87.346
3119,2000,A01,2000 Annual,89.272
3119,2001,A01,2001 Annual,88.834
3119,2002,A01,2002 Annual,92.731
3119,2003,A01,2003 Annual,96.918
3119,2004,A01,2004 Annual,98.138
3119,2005,A01,2005 Annual,96.856
3119,2006,A01,2006 Annual,98.650
3119,2007,A01,2007 Annual,100.000
3119,2008,A01,2008 Annual,100.161
3119,2009,A01,2009 Annual,96.272
3119,2010,A01,2010 Annual,95.926
3119,2011,A01,2011 Annual,98.868
3119,2012,A01,2012 Annual,92.737
3119,2013,A01,2013 Annual,93.527
3119,2014,A01,2014 Annual,95.440
3212,1990,A01,1990 Annual,100.907
3212,1991,A01,1991 Annual,101.607
3212,1992,A01,1992 Annual,108.745
3212,1993,A01,1993 Annual,104.358
3212,1994,A01,1994 Annual,100.744
3212,1995,A01,1995 Annual,97.549
3212,1996,A01,1996 Annual,96.368
3212,1997,A01,1997 Annual,97.619
3212,1998,A01,1998 Annual,98.716
3212,1999,A01,1999 Annual,95.225
3212,2000,A01,2000 Annual,96.513
3212,2001,A01,2001 Annual,96.326
3212,2002,A01,2002 Annual,100.245
3212,2003,A01,2003 Annual,98.296
3212,2004,A01,2004 Annual,95.992
3212,2005,A01,2005 Annual,96.003
3212,2006,A01,2006 Annual,99.176
3212,2007,A01,2007 Annual,100.000
3212,2008,A01,2008 Annual,101.330
3212,2009,A01,2009 Annual,97.759
3212,2010,A01,2010 Annual,100.643
3212,2011,A01,2011 Annual,103.897
3212,2012,A01,2012 Annual,102.156
3212,2013,A01,2013 Annual,101.672
3212,2014,A01,2014 Annual,100.157
3325,1990,A01,1990 Annual,101.958
3325,1991,A01,1991 Annual,97.810
3325,1992,A01,1992 Annual,101.902
3325,1993,A01,1993 Annual,102.753
3325,1994,A01,1994 Annual,106.132
3325,1995,A01,1995 Annual,105.827
3325,1996,A01,1996 Annual,107.644
3325,1997,A01,1997 Annual,106.567
3325,1998,A01,1998 Annual,103.505
3325,1999,A01,1999 Annual,105.670
3325,2000,A01,2000 Annual,105.373
3325,2001,A01,2001 Annual,99.040
3325,2002,A01,2002 Annual,100.303
3325,2003,A01,2003 Annual,102.625
3325,2004,A01,2004 Annual,101.628
3325,2005,A01,2005 Annual,102.976
3325,2006,A01,2006 Annual,108.610
3325,2007,A01,2007 Annual,100.000
3325,2008,A01,2008 Annual,96.799
3325,2009,A01,2009 Annual,81.898
3325,2010,A01,2010 Annual,87.314
3325,2011,A01,2011 Annual,86.777
3325,2012,A01,2012 Annual,88.705
3325,2013,A01,2013 Annual,88.764
3325,2014,A01,2014 Annual,87.438
3117,1990,A01,1990 Annual,81.932
3117,1991,A01,1991 Annual,80.287
3117,1992,A01,1992 Annual,81.668
3117,1993,A01,1993 Annual,87.254
3117,1994,A01,1994 Annual,85.725
3117,1995,A01,1995 Annual,81.048
3117,1996,A01,1996 Annual,86.425
3117,1997,A01,1997 Annual,82.025
3117,1998,A01,1998 Annual,85.692
3117,1999,A01,1999 Annual,80.776
3117,2000,A01,2000 Annual,84.446
3117,2001,A01,2001 Annual,89.857
3117,2002,A01,2002 Annual,88.821
3117,2003,A01,2003 Annual,92.167
3117,2004,A01,2004 Annual,96.003
3117,2005,A01,2005 Annual,96.051
3117,2006,A01,2006 Annual,100.341
3117,2007,A01,2007 Annual,100.000
3117,2008,A01,2008 Annual,86.488
3117,2009,A01,2009 Annual,85.833
3117,2010,A01,2010 Annual,80.826
3117,2011,A01,2011 Annual,81.506
3117,2012,A01,2012 Annual,81.229
3117,2013,A01,2013 Annual,89.307
3117,2014,A01,2014 Annual,95.460
3162,1990,A01,1990 Annual,108.464
3162,1991,A01,1991 Annual,105.805
3162,1992,A01,1992 Annual,111.001
3162,1993,A01,1993 Annual,108.594
3162,1994,A01,1994 Annual,112.487
3162,1995,A01,1995 Annual,108.064
3162,1996,A01,1996 Annual,107.974
3162,1997,A01,1997 Annual,110.916
3162,1998,A01,1998 Annual,101.310
3162,1999,A01,1999 Annual,105.811
3162,2000,A01,2000 Annual,102.476
3162,2001,A01,2001 Annual,104.099
3162,2002,A01,2002 Annual,92.912
3162,2003,A01,2003 Annual,105.795
3162,2004,A01,2004 Annual,107.121
3162,2005,A01,2005 Annual,107.165
3162,2006,A01,2006 Annual,111.262
3162,2007,A01,2007 Annual,100.000
3162,2008,A01,2008 Annual,118.968
3162,2009,A01,2009 Annual,108.957
3162,2010,A01,2010 Annual,115.372
3162,2011,A01,2011 Annual,99.526
3162,2012,A01,2012 Annual,99.002
3162,2013,A01,2013 Annual,95.542
3162,2014,A01,2014 Annual,97.373
3345,1990,A01,1990 Annual,89.205
3345,1991,A01,1991 Annual,90.339
3345,1992,A01,1992 Annual,90.173
3345,1993,A01,1993 Annual,90.659
3345,1994,A01,1994 Annual,91.024
3345,1995,A01,1995 Annual,93.867
3345,1996,A01,1996 Annual,92.560
3345,1997,A01,1997 Annual,93.428
3345,1998,A01,1998 Annual,91.972
3345,1999,A01,1999 Annual,89.411
3345,2000,A01,2000 Annual,91.679
3345,2001,A01,2001 Annual,89.389
3345,2002,A01,2002 Annual,85.882
3345,2003,A01,2003 Annual,90.741
3345,2004,A01,2004 Annual,98.385
3345,2005,A01,2005 Annual,100.712
3345,2006,A01,2006 Annual,100.803
3345,2007,A01,2007 Annual,100.000
3345,2008,A01,2008 Annual,102.961
3345,2009,A01,2009 Annual,102.566
3345,2010,A01,2010 Annual,107.338
3345,2011,A01,2011 Annual,108.732
3345,2012,A01,2012 Annual,116.471
3345,2013,A01,2013 Annual,115.168
3345,2014,A01,2014 Annual,111.192
3255,1990,A01,1990 Annual,102.706
3255,1991,A01,1991 Annual,99.650
3255,1992,A01,1992 Annual,99.985
3255,1993,A01,1993 Annual,101.088
3255,1994,A01,1994 Annual,101.732
3255,1995,A01,1995 Annual,99.313
3255,1996,A01,1996 Annual,97.980
3255,1997,A01,1997 Annual,99.721
3255,1998,A01,1998 Annual,94.374
3255,1999,A01,1999 Annual,93.429
3255,2000,A01,2000 Annual,94.381
3255,2001,A01,2001 Annual,95.507
3255,2002,A01,2002 Annual,92.666
3255,2003,A01,2003 Annual,98.586
3255,2004,A01,2004 Annual,105.008
3255,2005,A01,2005 Annual,105.143
3255,2006,A01,2006 Annual,102.638
3255,2007,A01,2007 Annual,100.000
3255,2008,A01,2008 Annual,99.086
3255,2009,A01,2009 Annual,90.213
3255,2010,A01,2010 Annual,96.755
3255,2011,A01,2011 Annual,96.749
3255,2012,A01,2012 Annual,90.997
3255,2013,A01,2013 Annual,90.732
3255,2014,A01,2014 Annual,93.095
3339,1990,A01,1990 Annual,87.573
3339,1991,A01,1991 Annual,85.458
3339,1992,A01,1992 Annual,85.422
3339,1993,A01,1993 Annual,86.571
3339,1994,A01,1994 Annual,86.119
3339,1995,A01,1995 Annual,87.711
3339,1996,A01,1996 Annual,86.970
3339,1997,A01,1997 Annual,88.792
3339,1998,A01,1998 Annual,87.644
3339,1999,A01,1999 Annual,86.345
3339,2000,A01,2000 Annual,87.477
3339,2001,A01,2001 Annual,83.795
3339,2002,A01,2002 Annual,86.107
3339,2003,A01,2003 Annual,89.076
3339,2004,A01,2004 Annual,91.691
3339,2005,A01,2005 Annual,94.013
3339,2006,A01,2006 Annual,96.824
3339,2007,A01,2007 Annual,100.000
3339,2008,A01,2008 Annual,99.871
3339,2009,A01,2009 Annual,90.853
3339,2010,A01,2010 Annual,94.036
3339,2011,A01,2011 Annual,99.459
3339,2012,A01,2012 Annual,98.216
3339,2013,A01,2013 Annual,96.996
3339,2014,A01,2014 Annual,96.967
3333,1990,A01,1990 Annual,108.735
3333,1991,A01,1991 Annual,106.600
3333,1992,A01,1992 Annual,109.283
3333,1993,A01,1993 Annual,111.201
3333,1994,A01,1994 Annual,109.081
3333,1995,A01,1995 Annual,107.532
3333,1996,A01,1996 Annual,105.922
3333,1997,A01,1997 Annual,101.483
3333,1998,A01,1998 Annual,104.818
3333,1999,A01,1999 Annual,103.731
3333,2000,A01,2000 Annual,101.082
3333,2001,A01,2001 Annual,88.989
3333,2002,A01,2002 Annual,88.798
3333,2003,A01,2003 Annual,93.086
3333,2004,A01,2004 Annual,95.377
3333,2005,A01,2005 Annual,97.591
3333,2006,A01,2006 Annual,102.245
3333,2007,A01,2007 Annual,100.000
3333,2008,A01,2008 Annual,103.165
3333,2009,A01,2009 Annual,98.390
3333,2010,A01,2010 Annual,97.243
3333,2011,A01,2011 Annual,99.446
3333,2012,A01,2012 Annual,107.566
3333,2013,A01,2013 Annual,108.590
3333,2014,A01,2014 Annual,112.643
3353,1990,A01,1990 Annual,88.717
3353,1991,A01,1991 Annual,85.794
3353,1992,A01,1992 Annual,89.235
3353,1993,A01,1993 Annual,92.508
3353,1994,A01,1994 Annual,94.640
3353,1995,A01,1995 Annual,98.505
3353,1996,A01,1996 Annual,97.266
3353,1997,A01,1997 Annual,94.876
3353,1998,A01,1998 Annual,91.969
3353,1999,A01,1999 Annual,89.147
3353,2000,A01,2000 Annual,90.010
3353,2001,A01,2001 Annual,86.239
3353,2002,A01,2002 Annual,86.884
3353,2003,A01,2003 Annual,89.137
3353,2004,A01,2004 Annual,94.808
3353,2005,A01,2005 Annual,94.613
3353,2006,A01,2006 Annual,98.063
3353,2007,A01,2007 Annual,100.000
3353,2008,A01,2008 Annual,99.458
3353,2009,A01,2009 Annual,90.476
3353,2010,A01,2010 Annual,90.295
3353,2011,A01,2011 Annual,94.463
3353,2012,A01,2012 Annual,90.705
3353,2013,A01,2013 Annual,90.432
3353,2014,A01,2014 Annual,91.113
3361,1990,A01,1990 Annual,87.840
3361,1991,A01,1991 Annual,88.520
3361,1992,A01,1992 Annual,85.233
3361,1993,A01,1993 Annual,82.547
3361,1994,A01,1994 Annual,81.264
3361,1995,A01,1995 Annual,82.321
3361,1996,A01,1996 Annual,81.623
3361,1997,A01,1997 Annual,87.721
3361,1998,A01,1998 Annual,85.969
3361,1999,A01,1999 Annual,87.960
3361,2000,A01,2000 Annual,82.511
3361,2001,A01,2001 Annual,81.642
3361,2002,A01,2002 Annual,90.393
3361,2003,A01,2003 Annual,93.212
3361,2004,A01,2004 Annual,90.262
3361,2005,A01,2005 Annual,91.930
3361,2006,A01,2006 Annual,96.107
3361,2007,A01,2007 Annual,100.000
3361,2008,A01,2008 Annual,94.201
3361,2009,A01,2009 Annual,86.835
3361,2010,A01,2010 Annual,100.182
3361,2011,A01,2011 Annual,95.590
3361,2012,A01,2012 Annual,93.597
3361,2013,A01,2013 Annual,93.238
3361,2014,A01,2014 Annual,92.325
3133,1990,A01,1990 Annual,93.776
3133,1991,A01,1991 Annual,93.695
3133,1992,A01,1992 Annual,92.997
3133,1993,A01,1993 Annual,91.752
3133,1994,A01,1994 Annual,94.971
3133,1995,A01,1995 Annual,93.755
3133,1996,A01,1996 Annual,93.382
3133,1997,A01,1997 Annual,102.032
3133,1998,A01,1998 Annual,98.530
3133,1999,A01,1999 Annual,96.479
3133,2000,A01,2000 Annual,98.267
3133,2001,A01,2001 Annual,97.639
3133,2002,A01,2002 Annual,95.528
3133,2003,A01,2003 Annual,96.586
3133,2004,A01,2004 Annual,98.338
3133,2005,A01,2005 Annual,102.375
3133,2006,A01,2006 Annual,99.041
3133,2007,A01,2007 Annual,100.000
3133,2008,A01,2008 Annual,89.814
3133,2009,A01,2009 Annual,84.323
3133,2010,A01,2010 Annual,98.034
3133,2011,A01,2011 Annual,99.176
3133,2012,A01,2012 Annual,89.705
3133,2013,A01,2013 Annual,92.293
3133,2014,A01,2014 Annual,92.999
3313,1990,A01,1990 Annual,91.127
3313,1991,A01,1991 Annual,93.189
3313,1992,A01,1992 Annual,98.173
3313,1993,A01,1993 Annual,98.602
3313,1994,A01,1994 Annual,99.053
3313,1995,A01,1995 Annual,89.679
3313,1996,A01,1996 Annual,93.518
3313,1997,A01,1997 Annual,92.351
3313,1998,A01,1998 Annual,99.839
3313,1999,A01,1999 Annual,104.443
3313,2000,A01,2000 Annual,91.919
3313,2001,A01,2001 Annual,91.078
3313,2002,A01,2002 Annual,98.976
3313,2003,A01,2003 Annual,99.574
3313,2004,A01,2004 Annual,102.637
3313,2005,A01,2005 Annual,101.815
3313,2006,A01,2006 Annual,99.900
3313,2007,A01,2007 Annual,100.000
3313,2008,A01,2008 Annual,99.033
3313,2009,A01,2009 Annual,103.133
3313,2010,A01,2010 Annual,97.516
3313,2011,A01,2011 Annual,99.384
3313,2012,A01,2012 Annual,105.777
3313,2013,A01,2013 Annual,112.618
3313,2014,A01,2014 Annual,111.260
3141,1990,A01,1990 Annual,94.602
3141,1991,A01,1991 Annual,94.042
3141,1992,A01,1992 Annual,98.133
3141,1993,A01,1993 Annual,100.105
3141,1994,A01,1994 Annual,99.495
3141,1995,A01,1995 Annual,102.101
3141,1996,A01,1996 Annual,99.742
3141,1997,A01,1997 Annual,102.659
3141,1998,A01,1998 Annual,100.068
3141,1999,A01,1999 Annual,100.051
3141,2000,A01,2000 Annual,96.303
3141,2001,A01,2001 Annual,93.667
3141,2002,A01,2002 Annual,95.476
3141,2003,A01,2003 Annual,99.670
3141,2004,A01,2004 Annual,101.598
3141,2005,A01,2005 Annual,108.128
3141,2006,A01,2006 Annual,103.116
3141,2007,A01,2007 Annual,100.000
3141,2008,A01,2008 Annual,99.801
3141,2009,A01,2009 Annual,84.511
3141,2010,A01,2010 Annual,82.812
3141,2011,A01,2011 Annual,91.515
3141,2012,A01,2012 Annual,88.265
3141,2013,A01,2013 Annual,86.044
3141,2014,A01,2014 Annual,86.352
3256,1990,A01,1990 Annual,80.535
3256,1991,A01,1991 Annual,78.912
3256,1992,A01,1992 Annual,76.834
3256,1993,A01,1993 Annual,78.143
3256,1994,A01,1994 Annual,77.309
3256,1995,A01,1995 Annual,81.279
3256,1996,A01,1996 Annual,81.592
3256,1997,A01,1997 Annual,83.140
3256,1998,A01,1998 Annual,79.645
3256,1999,A01,1999 Annual,75.373
3256,2000,A01,2000 Annual,75.120
3256,2001,A01,2001 Annual,74.685
3256,2002,A01,2002 Annual,82.824
3256,2003,A01,2003 Annual,74.825
3256,2004,A01,2004 Annual,76.061
3256,2005,A01,2005 Annual,87.603
3256,2006,A01,2006 Annual,84.971
3256,2007,A01,2007 Annual,100.000
3256,2008,A01,2008 Annual,91.474
3256,2009,A01,2009 Annual,86.302
3256,2010,A01,2010 Annual,89.200
3256,2011,A01,2011 Annual,97.339
3256,2012,A01,2012 Annual,85.010
3256,2013,A01,2013 Annual,87.016
3256,2014,A01,2014 Annual,90.793
3311,1990,A01,1990 Annual,80.172
3311,1991,A01,1991 Annual,76.791
3311,1992,A01,1992 Annual,82.840
3311,1993,A01,1993 Annual,85.631
3311,1994,A01,1994 Annual,87.065
3311,1995,A01,1995 Annual,88.043
3311,1996,A01,1996 Annual,89.269
3311,1997,A01,1997 Annual,94.381
3311,1998,A01,1998 Annual,92.197
3311,1999,A01,1999 Annual,94.678
3311,2000,A01,2000 Annual,95.274
3311,2001,A01,2001 Annual,91.018
3311,2002,A01,2002 Annual,97.333
3311,2003,A01,2003 Annual,98.125
3311,2004,A01,2004 Annual,102.581
3311,2005,A01,2005 Annual,98.330
3311,2006,A01,2006 Annual,98.483
3311,2007,A01,2007 Annual,100.000
3311,2008,A01,2008 Annual,98.349
3311,2009,A01,2009 Annual,88.814
3311,2010,A01,2010 Annual,99.096
3311,2011,A01,2011 Annual,98.838
3311,2012,A01,2012 Annual,98.456
3311,2013,A01,2013 Annual,105.581
3311,2014,A01,2014 Annual,103.615
3118,1990,A01,1990 Annual,96.070
3118,1991,A01,1991 Annual,93.480
3118,1992,A01,1992 Annual,93.590
3118,1993,A01,1993 Annual,94.298
3118,1994,A01,1994 Annual,95.660
3118,1995,A01,1995 Annual,97.862
3118,1996,A01,1996 Annual,97.157
3118,1997,A01,1997 Annual,95.574
3118,1998,A01,1998 Annual,95.162
3118,1999,A01,1999 Annual,96.046
3118,2000,A01,2000 Annual,95.086
3118,2001,A01,2001 Annual,93.587
3118,2002,A01,2002 Annual,93.265
3118,2003,A01,2003 Annual,94.700
3118,2004,A01,2004 Annual,101.098
3118,2005,A01,2005 Annual,101.677
3118,2006,A01,2006 Annual,100.725
3118,2007,A01,2007 Annual,100.000
3118,2008,A01,2008 Annual,93.691
3118,2009,A01,2009 Annual,89.124
3118,2010,A01,2010 Annual,90.069
3118,2011,A01,2011 Annual,91.013
3118,2012,A01,2012 Annual,87.311
3118,2013,A01,2013 Annual,88.552
3118,2014,A01,2014 Annual,89.002
3131,1990,A01,1990 Annual,73.839
3131,1991,A01,1991 Annual,70.752
3131,1992,A01,1992 Annual,72.018
3131,1993,A01,1993 Annual,74.686
3131,1994,A01,1994 Annual,75.296
3131,1995,A01,1995 Annual,74.515
3131,1996,A01,1996 Annual,73.467
3131,1997,A01,1997 Annual,76.716
3131,1998,A01,1998 Annual,77.174
3131,1999,A01,1999 Annual,75.454
3131,2000,A01,2000 Annual,77.830
3131,2001,A01,2001 Annual,79.216
3131,2002,A01,2002 Annual,89.188
3131,2003,A01,2003 Annual,94.941
3131,2004,A01,2004 Annual,96.004
3131,2005,A01,2005 Annual,95.004
3131,2006,A01,2006 Annual,96.565
3131,2007,A01,2007 Annual,100.000
3131,2008,A01,2008 Annual,100.252
3131,2009,A01,2009 Annual,90.651
3131,2010,A01,2010 Annual,87.977
3131,2011,A01,2011 Annual,77.754
3131,2012,A01,2012 Annual,92.716
3131,2013,A01,2013 Annual,93.451
3131,2014,A01,2014 Annual,93.940
3151,1990,A01,1990 Annual,132.533
3151,1991,A01,1991 Annual,134.057
3151,1992,A01,1992 Annual,140.752
3151,1993,A01,1993 Annual,144.903
3151,1994,A01,1994 Annual,147.260
3151,1995,A01,1995 Annual,145.625
3151,1996,A01,1996 Annual,153.308
3151,1997,A01,1997 Annual,136.039
3151,1998,A01,1998 Annual,126.173
3151,1999,A01,1999 Annual,127.112
3151,2000,A01,2000 Annual,130.125
3151,2001,A01,2001 Annual,126.178
3151,2002,A01,2002 Annual,125.717
3151,2003,A01,2003 Annual,120.254
3151,2004,A01,2004 Annual,111.448
3151,2005,A01,2005 Annual,122.685
3151,2006,A01,2006 Annual,122.147
3151,2007,A01,2007 Annual,100.000
3151,2008,A01,2008 Annual,106.202
3151,2009,A01,2009 Annual,106.587
3151,2010,A01,2010 Annual,107.960
3151,2011,A01,2011 Annual,98.552
3151,2012,A01,2012 Annual,102.273
3151,2013,A01,2013 Annual,108.927
3151,2014,A01,2014 Annual,98.900
3121,1990,A01,1990 Annual,87.833
3121,1991,A01,1991 Annual,87.744
3121,1992,A01,1992 Annual,87.916
3121,1993,A01,1993 Annual,88.995
3121,1994,A01,1994 Annual,93.481
3121,1995,A01,1995 Annual,94.154
3121,1996,A01,1996 Annual,93.938
3121,1997,A01,1997 Annual,92.125
3121,1998,A01,1998 Annual,92.858
3121,1999,A01,1999 Annual,90.781
3121,2000,A01,2000 Annual,88.831
3121,2001,A01,2001 Annual,89.439
3121,2002,A01,2002 Annual,91.575
3121,2003,A01,2003 Annual,97.562
3121,2004,A01,2004 Annual,99.162
3121,2005,A01,2005 Annual,101.877
3121,2006,A01,2006 Annual,98.986
3121,2007,A01,2007 Annual,100.000
3121,2008,A01,2008 Annual,97.163
3121,2009,A01,2009 Annual,93.036
3121,2010,A01,2010 Annual,93.298
3121,2011,A01,2011 Annual,95.145
3121,2012,A01,2012 Annual,96.647
3121,2013,A01,2013 Annual,97.076
3121,2014,A01,2014 Annual,96.533
3161,1990,A01,1990 Annual,113.318
3161,1991,A01,1991 Annual,114.893
3161,1992,A01,1992 Annual,130.464
3161,1993,A01,1993 Annual,132.913
3161,1994,A01,1994 Annual,121.513
3161,1995,A01,1995 Annual,118.397
3161,1996,A01,1996 Annual,140.205
3161,1997,A01,1997 Annual,140.690
3161,1998,A01,1998 Annual,140.014
3161,1999,A01,1999 Annual,136.433
3161,2000,A01,2000 Annual,139.213
3161,2001,A01,2001 Annual,125.444
3161,2002,A01,2002 Annual,111.972
3161,2003,A01,2003 Annual,106.104
3161,2004,A01,2004 Annual,108.418
3161,2005,A01,2005 Annual,102.771
3161,2006,A01,2006 Annual,98.967
3161,2007,A01,2007 Annual,100.000
3161,2008,A01,2008 Annual,105.856
3161,2009,A01,2009 Annual,109.864
3161,2010,A01,2010 Annual,108.435
3161,2011,A01,2011 Annual,105.920
3161,2012,A01,2012 Annual,106.263
3161,2013,A01,2013 Annual,100.116
3161,2014,A01,2014 Annual,98.413
3321,1990,A01,1990 Annual,73.492
3321,1991,A01,1991 Annual,71.685
3321,1992,A01,1992 Annual,75.641
3321,1993,A01,1993 Annual,76.863
3321,1994,A01,1994 Annual,77.056
3321,1995,A01,1995 Annual,77.041
3321,1996,A01,1996 Annual,77.447
3321,1997,A01,1997 Annual,79.597
3321,1998,A01,1998 Annual,76.560
3321,1999,A01,1999 Annual,75.365
3321,2000,A01,2000 Annual,78.414
3321,2001,A01,2001 Annual,73.228
3321,2002,A01,2002 Annual,75.219
3321,2003,A01,2003 Annual,81.134
3321,2004,A01,2004 Annual,84.634
3321,2005,A01,2005 Annual,86.220
3321,2006,A01,2006 Annual,92.855
3321,2007,A01,2007 Annual,100.000
3321,2008,A01,2008 Annual,100.151
3321,2009,A01,2009 Annual,80.825
3321,2010,A01,2010 Annual,92.814
3321,2011,A01,2011 Annual,98.186
3321,2012,A01,2012 Annual,94.958
3321,2013,A01,2013 Annual,95.417
3321,2014,A01,2014 Annual,95.982
3331,1990,A01,1990 Annual,91.790
3331,1991,A01,1991 Annual,86.349
3331,1992,A01,1992 Annual,86.921
3331,1993,A01,1993 Annual,87.875
3331,1994,A01,1994 Annual,90.881
3331,1995,A01,1995 Annual,91.595
3331,1996,A01,1996 Annual,90.646
3331,1997,A01,1997 Annual,94.418
3331,1998,A01,1998 Annual,94.528
3331,1999,A01,1999 Annual,85.660
3331,2000,A01,2000 Annual,87.157
3331,2001,A01,2001 Annual,86.405
3331,2002,A01,2002 Annual,87.264
3331,2003,A01,2003 Annual,88.545
3331,2004,A01,2004 Annual,95.323
3331,2005,A01,2005 Annual,95.090
3331,2006,A01,2006 Annual,97.642
3331,2007,A01,2007 Annual,100.000
3331,2008,A01,2008 Annual,102.469
3331,2009,A01,2009 Annual,90.862
3331,2010,A01,2010 Annual,98.441
3331,2011,A01,2011 Annual,104.191
3331,2012,A01,2012 Annual,102.773
3331,2013,A01,2013 Annual,96.194
3331,2014,A01,2014 Annual,102.485
3328,1990,A01,1990 Annual,72.896
3328,1991,A01,1991 Annual,68.860
3328,1992,A01,1992 Annual,72.887
3328,1993,A01,1993 Annual,74.756
3328,1994,A01,1994 Annual,78.056
3328,1995,A01,1995 Annual,80.793
3328,1996,A01,1996 Annual,80.864
3328,1997,A01,1997 Annual,80.153
3328,1998,A01,1998 Annual,79.213
3328,1999,A01,1999 Annual,76.543
3328,2000,A01,2000 Annual,78.041
3328,2001,A01,2001 Annual,75.275
3328,2002,A01,2002 Annual,78.699
3328,2003,A01,2003 Annual,79.775
3328,2004,A01,2004 Annual,88.075
3328,2005,A01,2005 Annual,93.916
3328,2006,A01,2006 Annual,94.594
3328,2007,A01,2007 Annual,100.000
3328,2008,A01,2008 Annual,102.693
3328,2009,A01,2009 Annual,85.095
3328,2010,A01,2010 Annual,94.260
3328,2011,A01,2011 Annual,100.644
3328,2012,A01,2012 Annual,99.295
3328,2013,A01,2013 Annual,99.586
3328,2014,A01,2014 Annual,99.926
3341,1990,A01,1990 Annual,5.183
3341,1991,A01,1991 Annual,5.369
3341,1992,A01,1992 Annual,6.247
3341,1993,A01,1993 Annual,7.288
3341,1994,A01,1994 Annual,8.545
3341,1995,A01,1995 Annual,10.553
3341,1996,A01,1996 Annual,13.286
3341,1997,A01,1997 Annual,17.387
3341,1998,A01,1998 Annual,23.341
3341,1999,A01,1999 Annual,28.705
3341,2000,A01,2000 Annual,31.225
3341,2001,A01,2001 Annual,33.580
3341,2002,A01,2002 Annual,41.819
3341,2003,A01,2003 Annual,47.435
3341,2004,A01,2004 Annual,55.134
3341,2005,A01,2005 Annual,66.581
3341,2006,A01,2006 Annual,83.055
3341,2007,A01,2007 Annual,100.000
3341,2008,A01,2008 Annual,131.783
3341,2009,A01,2009 Annual,125.553
3341,2010,A01,2010 Annual,110.979
3341,2011,A01,2011 Annual,96.936
3341,2012,A01,2012 Annual,107.366
3341,2013,A01,2013 Annual,115.264
3341,2014,A01,2014 Annual,110.788
3351,1990,A01,1990 Annual,84.175
3351,1991,A01,1991 Annual,83.225
3351,1992,A01,1992 Annual,85.612
3351,1993,A01,1993 Annual,82.665
3351,1994,A01,1994 Annual,86.420
3351,1995,A01,1995 Annual,85.431
3351,1996,A01,1996 Annual,86.448
3351,1997,A01,1997 Annual,88.436
3351,1998,A01,1998 Annual,89.121
3351,1999,A01,1999 Annual,86.235
3351,2000,A01,2000 Annual,87.223
3351,2001,A01,2001 Annual,85.298
3351,2002,A01,2002 Annual,87.144
3351,2003,A01,2003 Annual,84.989
3351,2004,A01,2004 Annual,90.147
3351,2005,A01,2005 Annual,92.785
3351,2006,A01,2006 Annual,97.272
3351,2007,A01,2007 Annual,100.000
3351,2008,A01,2008 Annual,99.694
3351,2009,A01,2009 Annual,88.927
3351,2010,A01,2010 Annual,87.805
3351,2011,A01,2011 Annual,92.612
3351,2012,A01,2012 Annual,94.125
3351,2013,A01,2013 Annual,96.479
3351,2014,A01,2014 Annual,100.051
3111,1990,A01,1990 Annual,90.275
3111,1991,A01,1991 Annual,86.688
3111,1992,A01,1992 Annual,85.107
3111,1993,A01,1993 Annual,87.664
3111,1994,A01,1994 Annual,88.174
3111,1995,A01,1995 Annual,92.686
3111,1996,A01,1996 Annual,82.032
3111,1997,A01,1997 Annual,84.991
3111,1998,A01,1998 Annual,90.204
3111,1999,A01,1999 Annual,89.971
3111,2000,A01,2000 Annual,88.100
3111,2001,A01,2001 Annual,93.130
3111,2002,A01,2002 Annual,96.670
3111,2003,A01,2003 Annual,100.466
3111,2004,A01,2004 Annual,99.302
3111,2005,A01,2005 Annual,107.317
3111,2006,A01,2006 Annual,108.807
3111,2007,A01,2007 Annual,100.000
3111,2008,A01,2008 Annual,96.999
3111,2009,A01,2009 Annual,94.703
3111,2010,A01,2010 Annual,93.714
3111,2011,A01,2011 Annual,90.564
3111,2012,A01,2012 Annual,85.032
3111,2013,A01,2013 Annual,83.213
3111,2014,A01,2014 Annual,82.455
3344,1990,A01,1990 Annual,10.185
3344,1991,A01,1991 Annual,10.924
3344,1992,A01,1992 Annual,12.383
3344,1993,A01,1993 Annual,13.437
3344,1994,A01,1994 Annual,16.717
3344,1995,A01,1995 Annual,23.740
3344,1996,A01,1996 Annual,29.409
3344,1997,A01,1997 Annual,34.589
3344,1998,A01,1998 Annual,41.121
3344,1999,A01,1999 Annual,53.719
3344,2000,A01,2000 Annual,64.478
3344,2001,A01,2001 Annual,62.888
3344,2002,A01,2002 Annual,65.554
3344,2003,A01,2003 Annual,76.048
3344,2004,A01,2004 Annual,85.723
3344,2005,A01,2005 Annual,91.553
3344,2006,A01,2006 Annual,91.432
3344,2007,A01,2007 Annual,100.000
3344,2008,A01,2008 Annual,108.188
3344,2009,A01,2009 Annual,95.721
3344,2010,A01,2010 Annual,123.995
3344,2011,A01,2011 Annual,142.332
3344,2012,A01,2012 Annual,104.413
3344,2013,A01,2013 Annual,98.186
3344,2014,A01,2014 Annual,99.166
3364,1990,A01,1990 Annual,91.102
3364,1991,A01,1991 Annual,92.451
3364,1992,A01,1992 Annual,91.890
3364,1993,A01,1993 Annual,92.607
3364,1994,A01,1994 Annual,88.354
3364,1995,A01,1995 Annual,87.031
3364,1996,A01,1996 Annual,87.774
3364,1997,A01,1997 Annual,86.985
3364,1998,A01,1998 Annual,97.861
3364,1999,A01,1999 Annual,94.616
3364,2000,A01,2000 Annual,83.148
3364,2001,A01,2001 Annual,88.129
3364,2002,A01,2002 Annual,88.013
3364,2003,A01,2003 Annual,86.730
3364,2004,A01,2004 Annual,85.829
3364,2005,A01,2005 Annual,89.709
3364,2006,A01,2006 Annual,88.552
3364,2007,A01,2007 Annual,100.000
3364,2008,A01,2008 Annual,96.261
3364,2009,A01,2009 Annual,93.573
3364,2010,A01,2010 Annual,99.210
3364,2011,A01,2011 Annual,98.300
3364,2012,A01,2012 Annual,97.118
3364,2013,A01,2013 Annual,97.689
3364,2014,A01,2014 Annual,100.058
3259,1990,A01,1990 Annual,96.158
3259,1991,A01,1991 Annual,95.024
3259,1992,A01,1992 Annual,96.400
3259,1993,A01,1993 Annual,98.699
3259,1994,A01,1994 Annual,99.670
3259,1995,A01,1995 Annual,98.479
3259,1996,A01,1996 Annual,97.418
3259,1997,A01,1997 Annual,95.776
3259,1998,A01,1998 Annual,90.272
3259,1999,A01,1999 Annual,96.705
3259,2000,A01,2000 Annual,102.348
3259,2001,A01,2001 Annual,90.017
3259,2002,A01,2002 Annual,96.874
3259,2003,A01,2003 Annual,93.605
3259,2004,A01,2004 Annual,94.554
3259,2005,A01,2005 Annual,94.236
3259,2006,A01,2006 Annual,93.107
3259,2007,A01,2007 Annual,100.000
3259,2008,A01,2008 Annual,99.712
3259,2009,A01,2009 Annual,96.392
3259,2010,A01,2010 Annual,101.640
3259,2011,A01,2011 Annual,102.548
3259,2012,A01,2012 Annual,100.505
3259,2013,A01,2013 Annual,103.954
3259,2014,A01,2014 Annual,103.448
3314,1990,A01,1990 Annual,105.695
3314,1991,A01,1991 Annual,105.671
3314,1992,A01,1992 Annual,106.812
3314,1993,A01,1993 Annual,112.738
3314,1994,A01,1994 Annual,119.051
3314,1995,A01,1995 Annual,115.621
3314,1996,A01,1996 Annual,113.333
3314,1997,A01,1997 Annual,118.571
3314,1998,A01,1998 Annual,126.342
3314,1999,A01,1999 Annual,124.261
3314,2000,A01,2000 Annual,126.241
3314,2001,A01,2001 Annual,121.218
3314,2002,A01,2002 Annual,113.420
3314,2003,A01,2003 Annual,121.835
3314,2004,A01,2004 Annual,120.268
3314,2005,A01,2005 Annual,110.716
3314,2006,A01,2006 Annual,94.266
3314,2007,A01,2007 Annual,100.000
3314,2008,A01,2008 Annual,108.775
3314,2009,A01,2009 Annual,120.859
3314,2010,A01,2010 Annual,135.305
3314,2011,A01,2011 Annual,127.966
3314,2012,A01,2012 Annual,119.201
3314,2013,A01,2013 Annual,118.756
3314,2014,A01,2014 Annual,119.171
3324,1990,A01,1990 Annual,84.723
3324,1991,A01,1991 Annual,83.386
3324,1992,A01,1992 Annual,83.393
3324,1993,A01,1993 Annual,83.103
3324,1994,A01,1994 Annual,89.023
3324,1995,A01,1995 Annual,89.993
3324,1996,A01,1996 Annual,90.502
3324,1997,A01,1997 Annual,91.340
3324,1998,A01,1998 Annual,91.094
3324,1999,A01,1999 Annual,88.295
3324,2000,A01,2000 Annual,90.845
3324,2001,A01,2001 Annual,90.542
3324,2002,A01,2002 Annual,88.022
3324,2003,A01,2003 Annual,90.406
3324,2004,A01,2004 Annual,90.394
3324,2005,A01,2005 Annual,89.673
3324,2006,A01,2006 Annual,97.057
3324,2007,A01,2007 Annual,100.000
3324,2008,A01,2008 Annual,99.370
3324,2009,A01,2009 Annual,79.803
3324,2010,A01,2010 Annual,87.555
3324,2011,A01,2011 Annual,93.735
3324,2012,A01,2012 Annual,92.105
3324,2013,A01,2013 Annual,88.798
3324,2014,A01,2014 Annual,91.789
3279,1990,A01,1990 Annual,77.449
3279,1991,A01,1991 Annual,76.822
3279,1992,A01,1992 Annual,82.979
3279,1993,A01,1993 Annual,83.221
3279,1994,A01,1994 Annual,85.333
3279,1995,A01,1995 Annual,86.194
3279,1996,A01,1996 Annual,87.664
3279,1997,A01,1997 Annual,91.328
3279,1998,A01,1998 Annual,89.254
3279,1999,A01,1999 Annual,85.333
3279,2000,A01,2000 Annual,83.433
3279,2001,A01,2001 Annual,81.735
3279,2002,A01,2002 Annual,88.401
3279,2003,A01,2003 Annual,92.460
3279,2004,A01,2004 Annual,97.107
3279,2005,A01,2005 Annual,99.745
3279,2006,A01,2006 Annual,99.559
3279,2007,A01,2007 Annual,100.000
3279,2008,A01,2008 Annual,101.086
3279,2009,A01,2009 Annual,89.631
3279,2010,A01,2010 Annual,96.125
3279,2011,A01,2011 Annual,98.572
3279,2012,A01,2012 Annual,99.649
3279,2013,A01,2013 Annual,103.436
3279,2014,A01,2014 Annual,101.493
3334,1990,A01,1990 Annual,84.280
3334,1991,A01,1991 Annual,83.338
3334,1992,A01,1992 Annual,86.160
3334,1993,A01,1993 Annual,86.508
3334,1994,A01,1994 Annual,88.414
3334,1995,A01,1995 Annual,87.183
3334,1996,A01,1996 Annual,86.711
3334,1997,A01,1997 Annual,88.515
3334,1998,A01,1998 Annual,88.169
3334,1999,A01,1999 Annual,89.209
3334,2000,A01,2000 Annual,88.635
3334,2001,A01,2001 Annual,87.157
3334,2002,A01,2002 Annual,91.763
3334,2003,A01,2003 Annual,95.701
3334,2004,A01,2004 Annual,99.517
3334,2005,A01,2005 Annual,98.669
3334,2006,A01,2006 Annual,104.279
3334,2007,A01,2007 Annual,100.000
3334,2008,A01,2008 Annual,101.093
3334,2009,A01,2009 Annual,92.611
3334,2010,A01,2010 Annual,98.712
3334,2011,A01,2011 Annual,98.727
3334,2012,A01,2012 Annual,101.500
3334,2013,A01,2013 Annual,101.340
3334,2014,A01,2014 Annual,99.354
3252,1990,A01,1990 Annual,83.677
3252,1991,A01,1991 Annual,82.374
3252,1992,A01,1992 Annual,85.283
3252,1993,A01,1993 Annual,85.250
3252,1994,A01,1994 Annual,90.080
3252,1995,A01,1995 Annual,86.261
3252,1996,A01,1996 Annual,88.187
3252,1997,A01,1997 Annual,89.149
3252,1998,A01,1998 Annual,93.015
3252,1999,A01,1999 Annual,91.739
3252,2000,A01,2000 Annual,87.546
3252,2001,A01,2001 Annual,84.153
3252,2002,A01,2002 Annual,89.445
3252,2003,A01,2003 Annual,88.996
3252,2004,A01,2004 Annual,93.263
3252,2005,A01,2005 Annual,93.414
3252,2006,A01,2006 Annual,92.669
3252,2007,A01,2007 Annual,100.000
3252,2008,A01,2008 Annual,95.608
3252,2009,A01,2009 Annual,97.510
3252,2010,A01,2010 Annual,101.160
3252,2011,A01,2011 Annual,100.333
3252,2012,A01,2012 Annual,99.638
3252,2013,A01,2013 Annual,98.162
3252,2014,A01,2014 Annual,93.908
3262,1990,A01,1990 Annual,86.453
3262,1991,A01,1991 Annual,86.508
3262,1992,A01,1992 Annual,86.265
3262,1993,A01,1993 Annual,90.784
3262,1994,A01,1994 Annual,91.532
3262,1995,A01,1995 Annual,89.902
3262,1996,A01,1996 Annual,90.604
3262,1997,A01,1997 Annual,95.801
3262,1998,A01,1998 Annual,95.821
3262,1999,A01,1999 Annual,96.675
3262,2000,A01,2000 Annual,96.388
3262,2001,A01,2001 Annual,93.911
3262,2002,A01,2002 Annual,95.803
3262,2003,A01,2003 Annual,98.909
3262,2004,A01,2004 Annual,100.563
3262,2005,A01,2005 Annual,100.754
3262,2006,A01,2006 Annual,99.058
3262,2007,A01,2007 Annual,100.000
3262,2008,A01,2008 Annual,95.645
3262,2009,A01,2009 Annual,96.343
3262,2010,A01,2010 Annual,101.192
3262,2011,A01,2011 Annual,98.831
3262,2012,A01,2012 Annual,94.128
3262,2013,A01,2013 Annual,94.952
3262,2014,A01,2014 Annual,97.796
3272,1990,A01,1990 Annual,80.208
3272,1991,A01,1991 Annual,78.713
3272,1992,A01,1992 Annual,84.559
3272,1993,A01,1993 Annual,84.432
3272,1994,A01,1994 Annual,86.570
3272,1995,A01,1995 Annual,86.846
3272,1996,A01,1996 Annual,90.006
3272,1997,A01,1997 Annual,94.360
3272,1998,A01,1998 Annual,93.534
3272,1999,A01,1999 Annual,94.774
3272,2000,A01,2000 Annual,95.953
3272,2001,A01,2001 Annual,91.034
3272,2002,A01,2002 Annual,89.030
3272,2003,A01,2003 Annual,91.330
3272,2004,A01,2004 Annual,94.575
3272,2005,A01,2005 Annual,96.345
3272,2006,A01,2006 Annual,99.107
3272,2007,A01,2007 Annual,100.000
3272,2008,A01,2008 Annual,102.338
3272,2009,A01,2009 Annual,96.218
3272,2010,A01,2010 Annual,101.765
3272,2011,A01,2011 Annual,108.791
3272,2012,A01,2012 Annual,107.696
3272,2013,A01,2013 Annual,111.913
3272,2014,A01,2014 Annual,107.837
3327,1990,A01,1990 Annual,75.910
3327,1991,A01,1991 Annual,74.740
3327,1992,A01,1992 Annual,78.724
3327,1993,A01,1993 Annual,78.753
3327,1994,A01,1994 Annual,84.431
3327,1995,A01,1995 Annual,88.991
3327,1996,A01,1996 Annual,89.953
3327,1997,A01,1997 Annual,91.255
3327,1998,A01,1998 Annual,89.192
3327,1999,A01,1999 Annual,88.538
3327,2000,A01,2000 Annual,89.939
3327,2001,A01,2001 Annual,86.937
3327,2002,A01,2002 Annual,88.147
3327,2003,A01,2003 Annual,89.411
3327,2004,A01,2004 Annual,92.494
3327,2005,A01,2005 Annual,90.788
3327,2006,A01,2006 Annual,94.743
3327,2007,A01,2007 Annual,100.000
3327,2008,A01,2008 Annual,99.696
3327,2009,A01,2009 Annual,84.383
3327,2010,A01,2010 Annual,92.477
3327,2011,A01,2011 Annual,96.467
3327,2012,A01,2012 Annual,96.714
3327,2013,A01,2013 Annual,95.576
3327,2014,A01,2014 Annual,95.124
3114,1990,A01,1990 Annual,83.465
3114,1991,A01,1991 Annual,85.552
3114,1992,A01,1992 Annual,85.348
3114,1993,A01,1993 Annual,87.318
3114,1994,A01,1994 Annual,88.227
3114,1995,A01,1995 Annual,88.700
3114,1996,A01,1996 Annual,87.986
3114,1997,A01,1997 Annual,89.296
3114,1998,A01,1998 Annual,91.294
3114,1999,A01,1999 Annual,90.891
3114,2000,A01,2000 Annual,92.506
3114,2001,A01,2001 Annual,95.841
3114,2002,A01,2002 Annual,100.745
3114,2003,A01,2003 Annual,99.964
3114,2004,A01,2004 Annual,100.449
3114,2005,A01,2005 Annual,98.219
3114,2006,A01,2006 Annual,97.581
3114,2007,A01,2007 Annual,100.000
3114,2008,A01,2008 Annual,96.864
3114,2009,A01,2009 Annual,88.789
3114,2010,A01,2010 Annual,89.779
3114,2011,A01,2011 Annual,92.613
3114,2012,A01,2012 Annual,93.163
3114,2013,A01,2013 Annual,95.714
3114,2014,A01,2014 Annual,94.040
3112,1990,A01,1990 Annual,92.800
3112,1991,A01,1991 Annual,92.433
3112,1992,A01,1992 Annual,92.041
3112,1993,A01,1993 Annual,93.141
3112,1994,A01,1994 Annual,91.960
3112,1995,A01,1995 Annual,95.235
3112,1996,A01,1996 Annual,87.707
3112,1997,A01,1997 Annual,87.220
3112,1998,A01,1998 Annual,89.070
3112,1999,A01,1999 Annual,91.556
3112,2000,A01,2000 Annual,97.233
3112,2001,A01,2001 Annual,97.357
3112,2002,A01,2002 Annual,98.020
3112,2003,A01,2003 Annual,100.119
3112,2004,A01,2004 Annual,100.278
3112,2005,A01,2005 Annual,98.890
3112,2006,A01,2006 Annual,95.058
3112,2007,A01,2007 Annual,100.000
3112,2008,A01,2008 Annual,96.186
3112,2009,A01,2009 Annual,99.890
3112,2010,A01,2010 Annual,100.994
3112,2011,A01,2011 Annual,98.719
3112,2012,A01,2012 Annual,97.006
3112,2013,A01,2013 Annual,92.968
3112,2014,A01,2014 Annual,91.184
3222,1990,A01,1990 Annual,98.681
3222,1991,A01,1991 Annual,99.050
3222,1992,A01,1992 Annual,98.996
3222,1993,A01,1993 Annual,100.016
3222,1994,A01,1994 Annual,100.739
3222,1995,A01,1995 Annual,98.242
3222,1996,A01,1996 Annual,98.742
3222,1997,A01,1997 Annual,102.084
3222,1998,A01,1998 Annual,99.123
3222,1999,A01,1999 Annual,96.847
3222,2000,A01,2000 Annual,96.408
3222,2001,A01,2001 Annual,93.355
3222,2002,A01,2002 Annual,95.441
3222,2003,A01,2003 Annual,97.491
3222,2004,A01,2004 Annual,99.257
3222,2005,A01,2005 Annual,98.838
3222,2006,A01,2006 Annual,98.793
3222,2007,A01,2007 Annual,100.000
3222,2008,A01,2008 Annual,97.931
3222,2009,A01,2009 Annual,96.342
3222,2010,A01,2010 Annual,96.893
3222,2011,A01,2011 Annual,97.594
3222,2012,A01,2012 Annual,98.491
3222,2013,A01,2013 Annual,97.268
3222,2014,A01,2014 Annual,94.264
3152,1990,A01,1990 Annual,127.973
3152,1991,A01,1991 Annual,128.198
3152,1992,A01,1992 Annual,128.020
3152,1993,A01,1993 Annual,127.706
3152,1994,A01,1994 Annual,128.685
3152,1995,A01,1995 Annual,132.394
3152,1996,A01,1996 Annual,132.581
3152,1997,A01,1997 Annual,137.073
3152,1998,A01,1998 Annual,131.790
3152,1999,A01,1999 Annual,131.791
3152,2000,A01,2000 Annual,127.841
3152,2001,A01,2001 Annual,123.060
3152,2002,A01,2002 Annual,118.816
3152,2003,A01,2003 Annual,121.192
3152,2004,A01,2004 Annual,116.032
3152,2005,A01,2005 Annual,119.421
3152,2006,A01,2006 Annual,121.648
3152,2007,A01,2007 Annual,100.000
3152,2008,A01,2008 Annual,91.629
3152,2009,A01,2009 Annual,83.187
3152,2010,A01,2010 Annual,83.231
3152,2011,A01,2011 Annual,78.747
3152,2012,A01,2012 Annual,79.855
3152,2013,A01,2013 Annual,81.009
3152,2014,A01,2014 Annual,80.003
3219,1990,A01,1990 Annual,107.603
3219,1991,A01,1991 Annual,104.964
3219,1992,A01,1992 Annual,106.315
3219,1993,A01,1993 Annual,102.810
3219,1994,A01,1994 Annual,101.803
3219,1995,A01,1995 Annual,101.500
3219,1996,A01,1996 Annual,102.701
3219,1997,A01,1997 Annual,102.407
3219,1998,A01,1998 Annual,100.175
3219,1999,A01,1999 Annual,100.358
3219,2000,A01,2000 Annual,97.380
3219,2001,A01,2001 Annual,93.844
3219,2002,A01,2002 Annual,97.089
3219,2003,A01,2003 Annual,97.134
3219,2004,A01,2004 Annual,99.694
3219,2005,A01,2005 Annual,97.815
3219,2006,A01,2006 Annual,97.917
3219,2007,A01,2007 Annual,100.000
3219,2008,A01,2008 Annual,97.340
3219,2009,A01,2009 Annual,91.186
3219,2010,A01,2010 Annual,96.513
3219,2011,A01,2011 Annual,99.449
3219,2012,A01,2012 Annual,97.198
3219,2013,A01,2013 Annual,95.850
3219,2014,A01,2014 Annual,95.369
3335,1990,A01,1990 Annual,82.808
3335,1991,A01,1991 Annual,79.341
3335,1992,A01,1992 Annual,83.302
3335,1993,A01,1993 Annual,82.303
3335,1994,A01,1994 Annual,85.819
3335,1995,A01,1995 Annual,88.953
3335,1996,A01,1996 Annual,87.112
3335,1997,A01,1997 Annual,88.654
3335,1998,A01,1998 Annual,85.466
3335,1999,A01,1999 Annual,82.060
3335,2000,A01,2000 Annual,84.243
3335,2001,A01,2001 Annual,79.228
3335,2002,A01,2002 Annual,84.361
3335,2003,A01,2003 Annual,87.085
3335,2004,A01,2004 Annual,89.166
3335,2005,A01,2005 Annual,93.341
3335,2006,A01,2006 Annual,94.238
3335,2007,A01,2007 Annual,100.000
3335,2008,A01,2008 Annual,101.311
3335,2009,A01,2009 Annual,88.037
3335,2010,A01,2010 Annual,96.284
3335,2011,A01,2011 Annual,102.358
3335,2012,A01,2012 Annual,100.522
3335,2013,A01,2013 Annual,101.563
3335,2014,A01,2014 Annual,101.926
3329,1990,A01,1990 Annual,91.667
3329,1991,A01,1991 Annual,89.101
3329,1992,A01,1992 Annual,90.077
3329,1993,A01,1993 Annual,90.421
3329,1994,A01,1994 Annual,91.998
3329,1995,A01,1995 Annual,93.222
3329,1996,A01,1996 Annual,92.180
3329,1997,A01,1997 Annual,92.512
3329,1998,A01,1998 Annual,91.487
3329,1999,A01,1999 Annual,88.697
3329,2000,A01,2000 Annual,88.367
3329,2001,A01,2001 Annual,85.396
3329,2002,A01,2002 Annual,89.144
3329,2003,A01,2003 Annual,92.881
3329,2004,A01,2004 Annual,95.860
3329,2005,A01,2005 Annual,96.656
3329,2006,A01,2006 Annual,100.735
3329,2007,A01,2007 Annual,100.000
3329,2008,A01,2008 Annual,103.101
3329,2009,A01,2009 Annual,88.342
3329,2010,A01,2010 Annual,92.624
3329,2011,A01,2011 Annual,97.175
3329,2012,A01,2012 Annual,91.848
3329,2013,A01,2013 Annual,90.797
3329,2014,A01,2014 Annual,88.455
3132,1990,A01,1990 Annual,74.490
3132,1991,A01,1991 Annual,74.258
3132,1992,A01,1992 Annual,74.917
3132,1993,A01,1993 Annual,76.499
3132,1994,A01,1994 Annual,79.860
3132,1995,A01,1995 Annual,79.996
3132,1996,A01,1996 Annual,79.865
3132,1997,A01,1997 Annual,79.498
3132,1998,A01,1998 Annual,80.134
3132,1999,A01,1999 Annual,83.462
3132,2000,A01,2000 Annual,82.968
3132,2001,A01,2001 Annual,81.526
3132,2002,A01,2002 Annual,86.012
3132,2003,A01,2003 Annual,91.595
3132,2004,A01,2004 Annual,88.152
3132,2005,A01,2005 Annual,100.413
3132,2006,A01,2006 Annual,99.486
3132,2007,A01,2007 Annual,100.000
3132,2008,A01,2008 Annual,99.555
3132,2009,A01,2009 Annual,93.327
3132,2010,A01,2010 Annual,96.776
3132,2011,A01,2011 Annual,95.722
3132,2012,A01,2012 Annual,93.350
3132,2013,A01,2013 Annual,91.781
3132,2014,A01,2014 Annual,88.854
3315,1990,A01,1990 Annual,84.821
3315,1991,A01,1991 Annual,83.853
3315,1992,A01,1992 Annual,85.551
3315,1993,A01,1993 Annual,88.116
3315,1994,A01,1994 Annual,91.095
3315,1995,A01,1995 Annual,91.972
3315,1996,A01,1996 Annual,91.779
3315,1997,A01,1997 Annual,95.860
3315,1998,A01,1998 Annual,93.935
3315,1999,A01,1999 Annual,93.636
3315,2000,A01,2000 Annual,92.064
3315,2001,A01,2001 Annual,87.122
3315,2002,A01,2002 Annual,87.861
3315,2003,A01,2003 Annual,89.604
3315,2004,A01,2004 Annual,93.726
3315,2005,A01,2005 Annual,95.126
3315,2006,A01,2006 Annual,97.472
3315,2007,A01,2007 Annual,100.000
3315,2008,A01,2008 Annual,88.339
3315,2009,A01,2009 Annual,83.979
3315,2010,A01,2010 Annual,89.374
3315,2011,A01,2011 Annual,92.253
3315,2012,A01,2012 Annual,93.254
3315,2013,A01,2013 Annual,94.697
3315,2014,A01,2014 Annual,94.682
3253,1990,A01,1990 Annual,79.331
3253,1991,A01,1991 Annual,76.658
3253,1992,A01,1992 Annual,78.973
3253,1993,A01,1993 Annual,81.991
3253,1994,A01,1994 Annual,82.138
3253,1995,A01,1995 Annual,82.553
3253,1996,A01,1996 Annual,84.982
3253,1997,A01,1997 Annual,84.674
3253,1998,A01,1998 Annual,83.176
3253,1999,A01,1999 Annual,78.446
3253,2000,A01,2000 Annual,82.027
3253,2001,A01,2001 Annual,77.184
3253,2002,A01,2002 Annual,83.997
3253,2003,A01,2003 Annual,88.590
3253,2004,A01,2004 Annual,98.075
3253,2005,A01,2005 Annual,107.810
3253,2006,A01,2006 Annual,104.765
3253,2007,A01,2007 Annual,100.000
3253,2008,A01,2008 Annual,87.604
3253,2009,A01,2009 Annual,95.792
3253,2010,A01,2010 Annual,96.311
3253,2011,A01,2011 Annual,94.784
3253,2012,A01,2012 Annual,96.440
3253,2013,A01,2013 Annual,106.994
3253,2014,A01,2014 Annual,97.828
3323,1990,A01,1990 Annual,89.994
3323,1991,A01,1991 Annual,90.306
3323,1992,A01,1992 Annual,92.339
3323,1993,A01,1993 Annual,92.006
3323,1994,A01,1994 Annual,93.995
3323,1995,A01,1995 Annual,93.616
3323,1996,A01,1996 Annual,92.705
3323,1997,A01,1997 Annual,97.733
3323,1998,A01,1998 Annual,94.487
3323,1999,A01,1999 Annual,91.819
3323,2000,A01,2000 Annual,90.550
3323,2001,A01,2001 Annual,86.829
3323,2002,A01,2002 Annual,88.438
3323,2003,A01,2003 Annual,90.779
3323,2004,A01,2004 Annual,89.433
3323,2005,A01,2005 Annual,90.348
3323,2006,A01,2006 Annual,94.267
3323,2007,A01,2007 Annual,100.000
3323,2008,A01,2008 Annual,96.607
3323,2009,A01,2009 Annual,84.457
3323,2010,A01,2010 Annual,88.397
3323,2011,A01,2011 Annual,87.166
3323,2012,A01,2012 Annual,86.885
3323,2013,A01,2013 Annual,87.499
3323,2014,A01,2014 Annual,88.714
3343,1990,A01,1990 Annual,64.568
3343,1991,A01,1991 Annual,66.489
3343,1992,A01,1992 Annual,68.872
3343,1993,A01,1993 Annual,72.771
3343,1994,A01,1994 Annual,73.503
3343,1995,A01,1995 Annual,73.851
3343,1996,A01,1996 Annual,68.354
3343,1997,A01,1997 Annual,71.213
3343,1998,A01,1998 Annual,74.180
3343,1999,A01,1999 Annual,76.427
3343,2000,A01,2000 Annual,80.203
3343,2001,A01,2001 Annual,80.462
3343,2002,A01,2002 Annual,84.122
3343,2003,A01,2003 Annual,88.736
3343,2004,A01,2004 Annual,89.352
3343,2005,A01,2005 Annual,88.451
3343,2006,A01,2006 Annual,92.264
3343,2007,A01,2007 Annual,100.000
3343,2008,A01,2008 Annual,80.411
3343,2009,A01,2009 Annual,75.159
3343,2010,A01,2010 Annual,81.515
3343,2011,A01,2011 Annual,89.953
3343,2012,A01,2012 Annual,103.922
3343,2013,A01,2013 Annual,110.777
3343,2014,A01,2014 Annual,109.662
3371,1990,A01,1990 Annual,91.304
3371,1991,A01,1991 Annual,90.227
3371,1992,A01,1992 Annual,93.733
3371,1993,A01,1993 Annual,94.695
3371,1994,A01,1994 Annual,94.707
3371,1995,A01,1995 Annual,94.642
3371,1996,A01,1996 Annual,94.932
3371,1997,A01,1997 Annual,96.491
3371,1998,A01,1998 Annual,94.832
3371,1999,A01,1999 Annual,95.012
3371,2000,A01,2000 Annual,92.351
3371,2001,A01,2001 Annual,90.133
3371,2002,A01,2002 Annual,91.088
3371,2003,A01,2003 Annual,91.432
3371,2004,A01,2004 Annual,94.777
3371,2005,A01,2005 Annual,98.233
3371,2006,A01,2006 Annual,99.624
3371,2007,A01,2007 Annual,100.000
3371,2008,A01,2008 Annual,99.839
3371,2009,A01,2009 Annual,86.377
3371,2010,A01,2010 Annual,93.499
3371,2011,A01,2011 Annual,92.171
3371,2012,A01,2012 Annual,91.701
3371,2013,A01,2013 Annual,93.522
3371,2014,A01,2014 Annual,91.028
3115,1990,A01,1990 Annual,95.185
3115,1991,A01,1991 Annual,94.116
3115,1992,A01,1992 Annual,97.624
3115,1993,A01,1993 Annual,97.298
3115,1994,A01,1994 Annual,96.332
3115,1995,A01,1995 Annual,96.747
3115,1996,A01,1996 Annual,95.151
3115,1997,A01,1997 Annual,95.713
3115,1998,A01,1998 Annual,95.752
3115,1999,A01,1999 Annual,92.935
3115,2000,A01,2000 Annual,94.324
3115,2001,A01,2001 Annual,93.714
3115,2002,A01,2002 Annual,96.827
3115,2003,A01,2003 Annual,98.733
3115,2004,A01,2004 Annual,102.054
3115,2005,A01,2005 Annual,101.645
3115,2006,A01,2006 Annual,96.843
3115,2007,A01,2007 Annual,100.000
3115,2008,A01,2008 Annual,97.213
3115,2009,A01,2009 Annual,96.543
3115,2010,A01,2010 Annual,101.746
3115,2011,A01,2011 Annual,100.657
3115,2012,A01,2012 Annual,96.454
3115,2013,A01,2013 Annual,95.378
3115,2014,A01,2014 Annual,93.831
3391,1990,A01,1990 Annual,84.057
3391,1991,A01,1991 Annual,85.011
3391,1992,A01,1992 Annual,85.812
3391,1993,A01,1993 Annual,85.149
3391,1994,A01,1994 Annual,83.517
3391,1995,A01,1995 Annual,85.764
3391,1996,A01,1996 Annual,87.618
3391,1997,A01,1997 Annual,87.516
3391,1998,A01,1998 Annual,89.870
3391,1999,A01,1999 Annual,90.675
3391,2000,A01,2000 Annual,92.371
3391,2001,A01,2001 Annual,90.665
3391,2002,A01,2002 Annual,92.635
3391,2003,A01,2003 Annual,96.554
3391,2004,A01,2004 Annual,94.128
3391,2005,A01,2005 Annual,99.636
3391,2006,A01,2006 Annual,100.939
3391,2007,A01,2007 Annual,100.000
3391,2008,A01,2008 Annual,104.429
3391,2009,A01,2009 Annual,103.639
3391,2010,A01,2010 Annual,106.003
3391,2011,A01,2011 Annual,103.953
3391,2012,A01,2012 Annual,102.445
3391,2013,A01,2013 Annual,102.580
3391,2014,A01,2014 Annual,97.162
3363,1990,A01,1990 Annual,74.162
3363,1991,A01,1991 Annual,72.308
3363,1992,A01,1992 Annual,77.041
3363,1993,A01,1993 Annual,80.408
3363,1994,A01,1994 Annual,84.064
3363,1995,A01,1995 Annual,83.754
3363,1996,A01,1996 Annual,83.458
3363,1997,A01,1997 Annual,85.324
3363,1998,A01,1998 Annual,85.935
3363,1999,A01,1999 Annual,87.397
3363,2000,A01,2000 Annual,87.694
3363,2001,A01,2001 Annual,85.371
3363,2002,A01,2002 Annual,91.299
3363,2003,A01,2003 Annual,93.326
3363,2004,A01,2004 Annual,96.521
3363,2005,A01,2005 Annual,98.652
3363,2006,A01,2006 Annual,100.927
3363,2007,A01,2007 Annual,100.000
3363,2008,A01,2008 Annual,100.985
3363,2009,A01,2009 Annual,94.046
3363,2010,A01,2010 Annual,103.669
3363,2011,A01,2011 Annual,104.527
3363,2012,A01,2012 Annual,99.274
3363,2013,A01,2013 Annual,99.044
3363,2014,A01,2014 Annual,99.495
3273,1990,A01,1990 Annual,96.812
3273,1991,A01,1991 Annual,94.189
3273,1992,A01,1992 Annual,95.971
3273,1993,A01,1993 Annual,97.042
3273,1994,A01,1994 Annual,97.343
3273,1995,A01,1995 Annual,98.355
3273,1996,A01,1996 Annual,100.076
3273,1997,A01,1997 Annual,100.573
3273,1998,A01,1998 Annual,101.721
3273,1999,A01,1999 Annual,101.774
3273,2000,A01,2000 Annual,100.237
3273,2001,A01,2001 Annual,98.061
3273,2002,A01,2002 Annual,100.020
3273,2003,A01,2003 Annual,102.853
3273,2004,A01,2004 Annual,102.353
3273,2005,A01,2005 Annual,101.898
3273,2006,A01,2006 Annual,99.213
3273,2007,A01,2007 Annual,100.000
3273,2008,A01,2008 Annual,91.973
3273,2009,A01,2009 Annual,83.366
3273,2010,A01,2010 Annual,82.657
3273,2011,A01,2011 Annual,85.195
3273,2012,A01,2012 Annual,87.048
3273,2013,A01,2013 Annual,88.000
3273,2014,A01,2014 Annual,88.331
